style_color,inventory_class,season_code,last_receipt_date,first_sale_date,us_ecom_oh_u,inventory_feed,oo_u,image,online,msrp,sale_price,promo,category_reg_sale,notes,holds,new_arrivals,meta_source_file,meta_sheet_name,meta_file_timestamp,meta_extracted_timestamp
104241-1001,FP,19FA,9/21/2022,43959,72,62,0,YES,LIVE,59,49.97,14.99,SALE,FLASH,,,Tee Flash Sale 1.17.25.xlsx,Pricing LY,45728.34178,45728.35932
104241-1700,FP,19FA,9/22/2022,44247,3,7,0,YES,LIVE,59,49.97,14.99,SALE,FLASH,,,Tee Flash Sale 1.17.25.xlsx,Pricing LY,45728.34178,45728.35932
104241-4100,FP,19FA,7/23/2022,44244,-1,0,0,YES,,59,49.97,14.99,SALE,FLASH,,,Tee Flash Sale 1.17.25.xlsx,Pricing LY,45728.34178,45728.35932
104241-6059,FP,21S1,,,0,0,0,YES,,59,49.97,14.99,SALE,FLASH,,,Tee Flash Sale 1.17.25.xlsx,Pricing LY,45728.34178,45728.35932
105078-1001,FP,20H3,,,0,0,0,YES,,59,49.97,14.99,SALE,FLASH,,,Tee Flash Sale 1.17.25.xlsx,Pricing LY,45728.34178,45728.35932
105078-1005,FP,21F3,9/13/2023,44442,181,86,0,YES,LIVE,59,49.97,14.99,SALE,FLASH,,,Tee Flash Sale 1.17.25.xlsx,Pricing LY,45728.34178,45728.35932
105078-1214,OP,22H1,,,0,0,0,YES,,59,49.97,14.99,SALE,FLASH,,,Tee Flash Sale 1.17.25.xlsx,Pricing LY,45728.34178,45728.35932
105078-1501,FP,21F3,8/20/2021,0,0,0,0,YES,,59,49.97,14.99,SALE,FLASH,,,Tee Flash Sale 1.17.25.xlsx,Pricing LY,45728.34178,45728.35932
105078-1700,FP,20H3,9/13/2023,44180,403,396,0,YES,LIVE,59,49.97,14.99,SALE,FLASH,,,Tee Flash Sale 1.17.25.xlsx,Pricing LY,45728.34178,45728.35932
105078-2701,FP,20H3,9/13/2023,44440,406,382,0,YES,LIVE,59,49.97,14.99,SALE,FLASH,,,Tee Flash Sale 1.17.25.xlsx,Pricing LY,45728.34178,45728.35932
105078-6000,OP,22H1,,,0,0,0,YES,,59,49.97,14.99,SALE,FLASH,,,Tee Flash Sale 1.17.25.xlsx,Pricing LY,45728.34178,45728.35932
105078-6482,FP,20H3,9/13/2023,44180,484,468,0,YES,LIVE,59,49.97,14.99,SALE,FLASH,,,Tee Flash Sale 1.17.25.xlsx,Pricing LY,45728.34178,45728.35932
105186-1001,OP,21H1,8/21/2023,44504,-1,0,0,YES,,59,49.97,14.99,SALE,FLASH,,,Tee Flash Sale 1.17.25.xlsx,Pricing LY,45728.34178,45728.35932
105186-1501,OP,21H1,10/21/2021,44497,4,0,0,YES,,59,49.97,14.99,SALE,FLASH,,,Tee Flash Sale 1.17.25.xlsx,Pricing LY,45728.34178,45728.35932
105186-4000,OP,21H1,8/22/2023,44256,1,0,0,YES,,59,49.97,14.99,SALE,FLASH,,,Tee Flash Sale 1.17.25.xlsx,Pricing LY,45728.34178,45728.35932
105186-6000,OP,21H1,8/21/2023,44504,7,3,0,YES,LIVE,59,49.97,14.99,SALE,FLASH,,,Tee Flash Sale 1.17.25.xlsx,Pricing LY,45728.34178,45728.35932
105292-1001,FP,21F1,8/21/2023,44419,455,439,0,YES,LIVE,59,49.97,14.99,SALE,FLASH,,,Tee Flash Sale 1.17.25.xlsx,Pricing LY,45728.34178,45728.35932
105292-6000,FP,21F1,8/21/2023,44420,490,470,0,YES,LIVE,59,49.97,14.99,SALE,FLASH,,,Tee Flash Sale 1.17.25.xlsx,Pricing LY,45728.34178,45728.35932
105326-1001,OP,21F1,8/21/2023,44412,391,332,0,YES,LIVE,59,49.97,14.99,SALE,FLASH,,,Tee Flash Sale 1.17.25.xlsx,Pricing LY,45728.34178,45728.35932
105326-7395,OP,21H2,,,0,0,0,YES,,59,49.97,14.99,SALE,FLASH,,,Tee Flash Sale 1.17.25.xlsx,Pricing LY,45728.34178,45728.35932
105634-1001,OP,21F1,7/12/2022,44461,-1,0,0,YES,,59,49.97,14.99,SALE,FLASH,,,Tee Flash Sale 1.17.25.xlsx,Pricing LY,45728.34178,45728.35932
105634-7100,OP,21F1,8/21/2023,44412,487,468,0,YES,LIVE,59,49.97,14.99,SALE,FLASH,,,Tee Flash Sale 1.17.25.xlsx,Pricing LY,45728.34178,45728.35932
105634-9602,OP,21F1,,,0,0,0,YES,,59,49.97,14.99,SALE,FLASH,,,Tee Flash Sale 1.17.25.xlsx,Pricing LY,45728.34178,45728.35932
105669-1700,OP,21F1,8/21/2023,44426,373,344,0,YES,LIVE,59,49.97,14.99,SALE,FLASH,,,Tee Flash Sale 1.17.25.xlsx,Pricing LY,45728.34178,45728.35932
105771-1001,FP,22S1,,,0,0,0,YES,,59,49.97,14.99,SALE,FLASH,,,Tee Flash Sale 1.17.25.xlsx,Pricing LY,45728.34178,45728.35932
105771-2500,FP,22S1,,,0,0,0,YES,,59,49.97,14.99,SALE,FLASH,,,Tee Flash Sale 1.17.25.xlsx,Pricing LY,45728.34178,45728.35932
105771-4189,FP,22S1,,,0,0,0,YES,,59,49.97,14.99,SALE,FLASH,,,Tee Flash Sale 1.17.25.xlsx,Pricing LY,45728.34178,45728.35932
105771-8418,FP,22S1,1/22/2022,44637,54,52,0,YES,LIVE,59,49.97,14.99,SALE,FLASH,,,Tee Flash Sale 1.17.25.xlsx,Pricing LY,45728.34178,45728.35932
106165-1232,FP,22M3,5/28/2022,44722,6,6,0,YES,LIVE,59,39.97,14.99,SALE,FLASH,,,Tee Flash Sale 1.17.25.xlsx,Pricing LY,45728.34178,45728.35932
106165-1700,FP,22M3,6/2/2022,44718,30,29,0,YES,LIVE,59,39.97,14.99,SALE,FLASH,,,Tee Flash Sale 1.17.25.xlsx,Pricing LY,45728.34178,45728.35932
106165-4903,FP,22M3,6/2/2022,0,0,0,0,YES,,59,39.97,14.99,SALE,FLASH,,,Tee Flash Sale 1.17.25.xlsx,Pricing LY,45728.34178,45728.35932
106200-4777,OP,22S1,,,0,0,0,YES,,69,39.97,14.99,SALE,FLASH,,,Tee Flash Sale 1.17.25.xlsx,Pricing LY,45728.34178,45728.35932
106200-6804,OP,22S1,2/14/2022,44592,4,3,0,YES,LIVE,69,39.97,14.99,SALE,FLASH,,,Tee Flash Sale 1.17.25.xlsx,Pricing LY,45728.34178,45728.35932
106200-7100,OP,22S1,2/11/2022,44587,0,0,0,YES,,69,39.97,14.99,SALE,FLASH,,,Tee Flash Sale 1.17.25.xlsx,Pricing LY,45728.34178,45728.35932
106205-1001,OP,22S1,,,0,0,0,YES,,59,49.97,14.99,SALE,FLASH,,,Tee Flash Sale 1.17.25.xlsx,Pricing LY,45728.34178,45728.35932
106205-1700,OP,22S1,8/7/2023,44651,42,42,0,YES,LIVE,59,49.97,14.99,SALE,FLASH,,,Tee Flash Sale 1.17.25.xlsx,Pricing LY,45728.34178,45728.35932
106205-7100,OP,22S1,,,0,0,0,YES,,59,49.97,14.99,SALE,FLASH,,,Tee Flash Sale 1.17.25.xlsx,Pricing LY,45728.34178,45728.35932
106208-1001,OP,22S1,,,0,0,0,YES,,59,39.97,14.99,SALE,FLASH,,,Tee Flash Sale 1.17.25.xlsx,Pricing LY,45728.34178,45728.35932
106208-1700,OP,22S1,4/21/2022,44599,17,16,0,YES,LIVE,59,39.97,14.99,SALE,FLASH,,,Tee Flash Sale 1.17.25.xlsx,Pricing LY,45728.34178,45728.35932
106208-4777,OP,22S2,,,0,0,0,YES,,59,39.97,14.99,SALE,FLASH,,,Tee Flash Sale 1.17.25.xlsx,Pricing LY,45728.34178,45728.35932
106224-1001,OP,22S1,10/25/2023,45241,-85,134,0,YES,LIVE,59,49.97,14.99,SALE,FLASH,,,Tee Flash Sale 1.17.25.xlsx,Pricing LY,45728.34178,45728.35932
106224-1081,OP,23S1,10/25/2023,45016,-1,0,0,YES,,59,49.97,14.99,SALE,FLASH,,,Tee Flash Sale 1.17.25.xlsx,Pricing LY,45728.34178,45728.35932
106224-1501,OP,22S1,11/1/2023,44595,-24,1770,0,YES,LIVE,59,49.97,14.99,SALE,FLASH,,,Tee Flash Sale 1.17.25.xlsx,Pricing LY,45728.34178,45728.35932
106224-1700,OP,22S1,11/1/2023,44697,-3,7,0,YES,LIVE,59,49.97,14.99,SALE,FLASH,,,Tee Flash Sale 1.17.25.xlsx,Pricing LY,45728.34178,45728.35932
106224-1708,OP,23S3,8/26/2023,45062,677,629,0,YES,LIVE,59,49.97,14.99,SALE,FLASH,,,Tee Flash Sale 1.17.25.xlsx,Pricing LY,45728.34178,45728.35932
106224-2416,OP,23F3,,,0,0,0,YES,,59,49.97,14.99,SALE,FLASH,,,Tee Flash Sale 1.17.25.xlsx,Pricing LY,45728.34178,45728.35932
106224-6000,OP,23H1,11/3/2023,45225,6,1,0,YES,LIVE,59,49.97,14.99,SALE,FLASH,,,Tee Flash Sale 1.17.25.xlsx,Pricing LY,45728.34178,45728.35932
106224-6432,OP,23S1,8/29/2023,45062,684,634,0,YES,LIVE,59,49.97,14.99,SALE,FLASH,,,Tee Flash Sale 1.17.25.xlsx,Pricing LY,45728.34178,45728.35932
106224-7004,OP,23S1,,,0,0,0,YES,,59,49.97,14.99,SALE,FLASH,,,Tee Flash Sale 1.17.25.xlsx,Pricing LY,45728.34178,45728.35932
106298-1001,FP,22F1,8/22/2023,44755,5,0,0,YES,,59,49.97,14.99,SALE,FLASH,,,Tee Flash Sale 1.17.25.xlsx,Pricing LY,45728.34178,45728.35932
106298-1700,FP,22F1,8/25/2023,44755,391,357,0,YES,LIVE,59,49.97,14.99,SALE,FLASH,,,Tee Flash Sale 1.17.25.xlsx,Pricing LY,45728.34178,45728.35932
106337-1001,FP,22F3,9/12/2022,0,0,0,54,YES,,69,59.97,14.99,SALE,FLASH,,,Tee Flash Sale 1.17.25.xlsx,Pricing LY,45728.34178,45728.35932
106337-1700,FP,22F3,8/31/2022,0,0,0,0,YES,,69,59.97,14.99,SALE,FLASH,,,Tee Flash Sale 1.17.25.xlsx,Pricing LY,45728.34178,45728.35932
106337-2504,FP,22F3,8/30/2022,44810,4,3,0,YES,LIVE,69,59.97,14.99,SALE,FLASH,,,Tee Flash Sale 1.17.25.xlsx,Pricing LY,45728.34178,45728.35932
106337-4400,FP,22F3,8/31/2022,0,0,0,0,YES,,69,59.97,14.99,SALE,FLASH,,,Tee Flash Sale 1.17.25.xlsx,Pricing LY,45728.34178,45728.35932
106346-1001,FP,21H1,8/26/2023,44494,695,654,0,YES,LIVE,59,49.97,14.99,SALE,FLASH,,,Tee Flash Sale 1.17.25.xlsx,Pricing LY,45728.34178,45728.35932
106346-1215,OP,21H1,10/18/2021,0,0,0,0,YES,,59,49.97,14.99,SALE,FLASH,,,Tee Flash Sale 1.17.25.xlsx,Pricing LY,45728.34178,45728.35932
106346-1700,FP,21H1,10/16/2021,0,0,0,0,YES,,59,49.97,14.99,SALE,FLASH,,,Tee Flash Sale 1.17.25.xlsx,Pricing LY,45728.34178,45728.35932
106346-6000,OP,21H1,10/16/2021,0,0,0,0,YES,,59,49.97,14.99,SALE,FLASH,,,Tee Flash Sale 1.17.25.xlsx,Pricing LY,45728.34178,45728.35932
106347-1001,FP,21H1,7/7/2023,44520,21,31,0,YES,LIVE,59,49.97,14.99,SALE,FLASH,,,Tee Flash Sale 1.17.25.xlsx,Pricing LY,45728.34178,45728.35932
106347-1800,FP,21H1,6/2/2023,0,0,1,0,YES,LIVE,59,49.97,14.99,SALE,FLASH,,,Tee Flash Sale 1.17.25.xlsx,Pricing LY,45728.34178,45728.35932
106347-4100,FP,21H1,3/23/2022,0,0,0,0,YES,,59,49.97,14.99,SALE,FLASH,,,Tee Flash Sale 1.17.25.xlsx,Pricing LY,45728.34178,45728.35932
106425-7009,OP,22M2,6/2/2022,44728,65,63,0,YES,LIVE,69,39.97,14.99,SALE,FLASH,,,Tee Flash Sale 1.17.25.xlsx,Pricing LY,45728.34178,45728.35932
106430-1001,OP,22M1,,,0,0,0,YES,,59,49.97,14.99,SALE,FLASH,,,Tee Flash Sale 1.17.25.xlsx,Pricing LY,45728.34178,45728.35932
106430-1700,OP,23S1,8/28/2023,44664,374,343,0,YES,LIVE,59,49.97,14.99,SALE,FLASH,,,Tee Flash Sale 1.17.25.xlsx,Pricing LY,45728.34178,45728.35932
106430-5301,OP,22M1,1/12/2023,44669,53,52,0,YES,LIVE,59,49.97,14.99,SALE,FLASH,,,Tee Flash Sale 1.17.25.xlsx,Pricing LY,45728.34178,45728.35932
106431-1001,OP,22M1,,,0,0,0,YES,,59,39.97,14.99,SALE,FLASH,,,Tee Flash Sale 1.17.25.xlsx,Pricing LY,45728.34178,45728.35932
106431-1700,OP,22M1,3/29/2022,0,0,0,0,YES,,59,39.97,14.99,SALE,FLASH,,,Tee Flash Sale 1.17.25.xlsx,Pricing LY,45728.34178,45728.35932
106431-7100,OP,22M1,3/29/2022,44669,67,67,0,YES,LIVE,59,39.97,14.99,SALE,FLASH,,,Tee Flash Sale 1.17.25.xlsx,Pricing LY,45728.34178,45728.35932
106465-1001,OP,22M1,,,0,0,0,YES,,59,39.97,14.99,SALE,FLASH,,,Tee Flash Sale 1.17.25.xlsx,Pricing LY,45728.34178,45728.35932
106465-1700,OP,22M1,3/21/2022,44645,48,48,0,YES,LIVE,59,39.97,14.99,SALE,FLASH,,,Tee Flash Sale 1.17.25.xlsx,Pricing LY,45728.34178,45728.35932
106843-1001,OP,22H1,10/17/2022,0,0,0,0,YES,,59,49.97,14.99,SALE,FLASH,,,Tee Flash Sale 1.17.25.xlsx,Pricing LY,45728.34178,45728.35932
106843-1214,OP,22H1,,,0,0,0,YES,,59,49.97,14.99,SALE,FLASH,,,Tee Flash Sale 1.17.25.xlsx,Pricing LY,45728.34178,45728.35932
106843-1501,OP,22H1,10/5/2022,0,0,0,0,YES,,59,49.97,14.99,SALE,FLASH,,,Tee Flash Sale 1.17.25.xlsx,Pricing LY,45728.34178,45728.35932
106843-1700,OP,22H1,,,0,0,0,YES,,59,49.97,14.99,SALE,FLASH,,,Tee Flash Sale 1.17.25.xlsx,Pricing LY,45728.34178,45728.35932
106843-6012,OP,22H1,10/5/2022,44893,91,94,0,YES,LIVE,59,49.97,14.99,SALE,FLASH,,,Tee Flash Sale 1.17.25.xlsx,Pricing LY,45728.34178,45728.35932
106866-1001,FP,23S1,1/12/2023,44946,2,0,0,YES,,59,49.97,14.99,SALE,FLASH,,,Tee Flash Sale 1.17.25.xlsx,Pricing LY,45728.34178,45728.35932
106866-1501,FP,23S1,1/12/2023,44976,24,22,0,YES,LIVE,59,49.97,14.99,SALE,FLASH,,,Tee Flash Sale 1.17.25.xlsx,Pricing LY,45728.34178,45728.35932
106866-1700,FP,23S1,1/12/2023,0,0,0,31,YES,,59,49.97,14.99,SALE,FLASH,,,Tee Flash Sale 1.17.25.xlsx,Pricing LY,45728.34178,45728.35932
106866-8302,FP,23S1,1/12/2023,0,0,0,0,YES,,59,49.97,14.99,SALE,FLASH,,,Tee Flash Sale 1.17.25.xlsx,Pricing LY,45728.34178,45728.35932
106867-1001,FP,23S1,1/12/2023,0,0,0,56,YES,,59,49.97,14.99,SALE,FLASH,,,Tee Flash Sale 1.17.25.xlsx,Pricing LY,45728.34178,45728.35932
106867-1700,FP,23S1,1/12/2023,44949,1,2,0,YES,LIVE,59,49.97,14.99,SALE,FLASH,,,Tee Flash Sale 1.17.25.xlsx,Pricing LY,45728.34178,45728.35932
106867-4816,FP,23S1,1/12/2023,0,0,0,0,YES,,59,49.97,14.99,SALE,FLASH,,,Tee Flash Sale 1.17.25.xlsx,Pricing LY,45728.34178,45728.35932
106867-8302,FP,23S1,,,0,0,0,YES,,59,49.97,14.99,SALE,FLASH,,,Tee Flash Sale 1.17.25.xlsx,Pricing LY,45728.34178,45728.35932
106875-1001,FP,23S1,1/12/2023,0,0,0,32,YES,,69,49.97,14.99,SALE,FLASH,,,Tee Flash Sale 1.17.25.xlsx,Pricing LY,45728.34178,45728.35932
106875-1700,FP,23S1,1/18/2023,44949,4,3,57,YES,LIVE,69,49.97,14.99,SALE,FLASH,,,Tee Flash Sale 1.17.25.xlsx,Pricing LY,45728.34178,45728.35932
106875-4816,FP,23S1,,,0,0,0,YES,,69,49.97,14.99,SALE,FLASH,,,Tee Flash Sale 1.17.25.xlsx,Pricing LY,45728.34178,45728.35932
106912-1001,FP,23S2,1/30/2023,44967,-1,0,0,YES,,59,49.97,14.99,SALE,FLASH,,,Tee Flash Sale 1.17.25.xlsx,Pricing LY,45728.34178,45728.35932
106912-1501,FP,23S2,1/30/2023,44970,20,14,34,YES,LIVE,59,49.97,14.99,SALE,FLASH,,,Tee Flash Sale 1.17.25.xlsx,Pricing LY,45728.34178,45728.35932
106912-1700,FP,23S2,1/31/2023,44969,30,25,0,YES,LIVE,59,49.97,14.99,SALE,FLASH,,,Tee Flash Sale 1.17.25.xlsx,Pricing LY,45728.34178,45728.35932
106913-1001,FP,23S2,1/30/2023,0,0,0,0,YES,,59,49.97,14.99,SALE,FLASH,,,Tee Flash Sale 1.17.25.xlsx,Pricing LY,45728.34178,45728.35932
106913-1700,FP,23S2,1/31/2023,0,0,0,0,YES,,59,49.97,14.99,SALE,FLASH,,,Tee Flash Sale 1.17.25.xlsx,Pricing LY,45728.34178,45728.35932
106913-2701,FP,23S2,1/30/2023,44970,15,12,0,YES,LIVE,59,49.97,14.99,SALE,FLASH,,,Tee Flash Sale 1.17.25.xlsx,Pricing LY,45728.34178,45728.35932
106913-8410,FP,23S2,1/31/2023,44966,-1,0,0,YES,,59,49.97,14.99,SALE,FLASH,,,Tee Flash Sale 1.17.25.xlsx,Pricing LY,45728.34178,45728.35932
106934-1001,FP,23S2,1/27/2023,44965,-1,0,0,YES,,59,49.97,14.99,SALE,FLASH,,,Tee Flash Sale 1.17.25.xlsx,Pricing LY,45728.34178,45728.35932
106934-1700,FP,23S2,1/27/2023,0,0,0,36,YES,,59,49.97,14.99,SALE,FLASH,,,Tee Flash Sale 1.17.25.xlsx,Pricing LY,45728.34178,45728.35932
106934-2026,FP,23S2,1/27/2023,44965,10,9,0,YES,LIVE,59,49.97,14.99,SALE,FLASH,,,Tee Flash Sale 1.17.25.xlsx,Pricing LY,45728.34178,45728.35932
106934-8410,FP,23S2,1/27/2023,0,0,0,0,YES,,59,49.97,14.99,SALE,FLASH,,,Tee Flash Sale 1.17.25.xlsx,Pricing LY,45728.34178,45728.35932
106981-1001,FP,23S3,3/10/2023,45000,-1,0,0,YES,,59,49.97,14.99,SALE,FLASH,,,Tee Flash Sale 1.17.25.xlsx,Pricing LY,45728.34178,45728.35932
106981-1700,FP,23S3,3/10/2023,45004,83,78,0,YES,LIVE,59,49.97,14.99,SALE,FLASH,,,Tee Flash Sale 1.17.25.xlsx,Pricing LY,45728.34178,45728.35932
106981-3525,FP,23S3,3/10/2023,0,0,0,0,YES,,59,49.97,14.99,SALE,FLASH,,,Tee Flash Sale 1.17.25.xlsx,Pricing LY,45728.34178,45728.35932
107085-1001,FP,23M2,4/29/2023,45055,407,382,0,YES,LIVE,59,39.97,14.99,SALE,FLASH,,,Tee Flash Sale 1.17.25.xlsx,Pricing LY,45728.34178,45728.35932
107085-1700,FP,23M2,4/29/2023,45054,309,299,0,YES,LIVE,59,39.97,14.99,SALE,FLASH,,,Tee Flash Sale 1.17.25.xlsx,Pricing LY,45728.34178,45728.35932
107086-1001,FP,23M2,6/7/2023,45065,1,0,0,YES,,59,39.97,14.99,SALE,FLASH,,,Tee Flash Sale 1.17.25.xlsx,Pricing LY,45728.34178,45728.35932
107086-1607,FP,23M2,,,0,0,0,YES,,59,39.97,14.99,SALE,FLASH,,,Tee Flash Sale 1.17.25.xlsx,Pricing LY,45728.34178,45728.35932
107086-1700,FP,23M2,6/7/2023,45068,2,0,0,YES,,59,39.97,14.99,SALE,FLASH,,,Tee Flash Sale 1.17.25.xlsx,Pricing LY,45728.34178,45728.35932
107086-4442,FP,23M2,5/30/2023,45073,14,5,0,YES,LIVE,59,39.97,14.99,SALE,FLASH,,,Tee Flash Sale 1.17.25.xlsx,Pricing LY,45728.34178,45728.35932
107087-1001,FP,23M1,3/30/2023,0,0,0,0,YES,,59,49.97,14.99,SALE,FLASH,,,Tee Flash Sale 1.17.25.xlsx,Pricing LY,45728.34178,45728.35932
107087-1501,FP,23M1,3/29/2023,45024,-4,0,0,YES,,59,49.97,14.99,SALE,FLASH,,,Tee Flash Sale 1.17.25.xlsx,Pricing LY,45728.34178,45728.35932
107087-1700,FP,23M1,3/29/2023,45026,344,344,0,YES,LIVE,59,49.97,14.99,SALE,FLASH,,,Tee Flash Sale 1.17.25.xlsx,Pricing LY,45728.34178,45728.35932
107087-6885,FP,23M1,3/29/2023,45069,17,14,0,YES,LIVE,59,49.97,14.99,SALE,FLASH,,,Tee Flash Sale 1.17.25.xlsx,Pricing LY,45728.34178,45728.35932
107088-1001,FP,23M1,4/28/2023,45031,88,269,112,YES,LIVE,69,49.97,14.99,SALE,FLASH,,,Tee Flash Sale 1.17.25.xlsx,Pricing LY,45728.34178,45728.35932
107088-1501,FP,23M1,4/4/2023,45028,290,283,0,YES,LIVE,69,49.97,14.99,SALE,FLASH,,,Tee Flash Sale 1.17.25.xlsx,Pricing LY,45728.34178,45728.35932
107088-1700,FP,23M1,4/11/2023,45028,1,2,0,YES,LIVE,69,49.97,14.99,SALE,FLASH,,,Tee Flash Sale 1.17.25.xlsx,Pricing LY,45728.34178,45728.35932
107088-4903,FP,23M1,4/4/2023,45030,0,3,0,YES,LIVE,69,49.97,14.99,SALE,FLASH,,,Tee Flash Sale 1.17.25.xlsx,Pricing LY,45728.34178,45728.35932
107089-1001,FP,23M1,3/30/2023,45021,2,0,0,YES,,59,39.97,14.99,SALE,FLASH,,,Tee Flash Sale 1.17.25.xlsx,Pricing LY,45728.34178,45728.35932
107089-1501,FP,23M1,3/30/2023,45063,68,39,0,YES,LIVE,59,39.97,14.99,SALE,FLASH,,,Tee Flash Sale 1.17.25.xlsx,Pricing LY,45728.34178,45728.35932
107089-1700,FP,23M1,4/4/2023,45064,212,161,71,YES,LIVE,59,39.97,14.99,SALE,FLASH,,,Tee Flash Sale 1.17.25.xlsx,Pricing LY,45728.34178,45728.35932
107089-6885,FP,23M1,3/30/2023,45066,70,46,0,YES,LIVE,59,39.97,14.99,SALE,FLASH,,,Tee Flash Sale 1.17.25.xlsx,Pricing LY,45728.34178,45728.35932
107090-1001,FP,23M1,4/10/2023,45022,0,0,136,YES,,59,39.97,14.99,SALE,FLASH,,,Tee Flash Sale 1.17.25.xlsx,Pricing LY,45728.34178,45728.35932
107090-6885,FP,23M1,3/30/2023,45023,87,61,0,YES,LIVE,59,39.97,14.99,SALE,FLASH,,,Tee Flash Sale 1.17.25.xlsx,Pricing LY,45728.34178,45728.35932
107091-1501,FP,23M1,4/17/2023,45047,4,0,0,YES,,59,39.97,14.99,SALE,FLASH,,,Tee Flash Sale 1.17.25.xlsx,Pricing LY,45728.34178,45728.35932
107091-1700,FP,23M1,4/18/2023,45047,148,130,0,YES,LIVE,59,39.97,14.99,SALE,FLASH,,,Tee Flash Sale 1.17.25.xlsx,Pricing LY,45728.34178,45728.35932
107092-1001,FP,23M1,3/30/2023,45022,4,0,0,YES,,59,39.97,14.99,SALE,FLASH,,,Tee Flash Sale 1.17.25.xlsx,Pricing LY,45728.34178,45728.35932
107092-1700,FP,23M1,3/30/2023,45070,111,99,0,YES,LIVE,59,39.97,14.99,SALE,FLASH,,,Tee Flash Sale 1.17.25.xlsx,Pricing LY,45728.34178,45728.35932
107093-2420,FP,23M1,3/28/2023,45015,194,145,0,YES,LIVE,59,39.97,14.99,SALE,FLASH,,,Tee Flash Sale 1.17.25.xlsx,Pricing LY,45728.34178,45728.35932
107096-1001,FP,23M2,4/21/2023,45041,13,8,0,YES,LIVE,59,49.97,14.99,SALE,FLASH,,,Tee Flash Sale 1.17.25.xlsx,Pricing LY,45728.34178,45728.35932
107096-1601,FP,23M2,4/21/2023,45041,156,120,0,YES,LIVE,59,49.97,14.99,SALE,FLASH,,,Tee Flash Sale 1.17.25.xlsx,Pricing LY,45728.34178,45728.35932
107096-1700,FP,23M2,4/27/2023,45064,344,328,0,YES,LIVE,59,49.97,14.99,SALE,FLASH,,,Tee Flash Sale 1.17.25.xlsx,Pricing LY,45728.34178,45728.35932
107097-1001,FP,23M2,4/27/2023,45049,513,501,0,YES,LIVE,59,49.97,14.99,SALE,FLASH,,,Tee Flash Sale 1.17.25.xlsx,Pricing LY,45728.34178,45728.35932
107097-1601,FP,23M2,4/27/2023,45054,-20,119,0,YES,LIVE,59,49.97,14.99,SALE,FLASH,,,Tee Flash Sale 1.17.25.xlsx,Pricing LY,45728.34178,45728.35932
107097-1700,FP,23M2,5/2/2023,45049,-26,56,0,YES,LIVE,59,49.97,14.99,SALE,FLASH,,,Tee Flash Sale 1.17.25.xlsx,Pricing LY,45728.34178,45728.35932
107097-6510,FP,23M2,4/27/2023,45053,72,221,0,YES,LIVE,59,49.97,14.99,SALE,FLASH,,,Tee Flash Sale 1.17.25.xlsx,Pricing LY,45728.34178,45728.35932
107098-1001,FP,23M2,4/29/2023,45054,28,13,0,YES,LIVE,59,49.97,14.99,SALE,FLASH,,,Tee Flash Sale 1.17.25.xlsx,Pricing LY,45728.34178,45728.35932
107098-1501,FP,23M2,4/29/2023,45049,137,126,0,YES,LIVE,59,49.97,14.99,SALE,FLASH,,,Tee Flash Sale 1.17.25.xlsx,Pricing LY,45728.34178,45728.35932
107098-1700,FP,23M2,4/29/2023,45049,485,471,0,YES,LIVE,59,49.97,14.99,SALE,FLASH,,,Tee Flash Sale 1.17.25.xlsx,Pricing LY,45728.34178,45728.35932
107099-1001,FP,23M2,4/25/2023,45048,38,28,0,YES,LIVE,59,39.97,14.99,SALE,FLASH,,,Tee Flash Sale 1.17.25.xlsx,Pricing LY,45728.34178,45728.35932
107099-1700,FP,23M2,5/2/2023,45048,67,57,0,YES,LIVE,59,39.97,14.99,SALE,FLASH,,,Tee Flash Sale 1.17.25.xlsx,Pricing LY,45728.34178,45728.35932
107099-6510,FP,23M2,4/25/2023,45053,80,46,0,YES,LIVE,59,39.97,14.99,SALE,FLASH,,,Tee Flash Sale 1.17.25.xlsx,Pricing LY,45728.34178,45728.35932
107100-1001,FP,23M3,6/12/2023,45093,248,237,0,YES,LIVE,59,49.97,14.99,SALE,FLASH,,,Tee Flash Sale 1.17.25.xlsx,Pricing LY,45728.34178,45728.35932
107100-1607,FP,23M3,6/12/2023,45091,1,1,0,YES,LIVE,59,49.97,14.99,SALE,FLASH,,,Tee Flash Sale 1.17.25.xlsx,Pricing LY,45728.34178,45728.35932
107100-1700,FP,23M3,6/12/2023,45096,35,29,0,YES,LIVE,59,49.97,14.99,SALE,FLASH,,,Tee Flash Sale 1.17.25.xlsx,Pricing LY,45728.34178,45728.35932
107100-4442,FP,23M3,6/12/2023,0,0,0,0,YES,,59,49.97,14.99,SALE,FLASH,,,Tee Flash Sale 1.17.25.xlsx,Pricing LY,45728.34178,45728.35932
107103-1001,FP,23M2,4/21/2023,45042,69,63,81,YES,LIVE,59,39.97,14.99,SALE,FLASH,,,Tee Flash Sale 1.17.25.xlsx,Pricing LY,45728.34178,45728.35932
107103-1501,FP,23M2,4/21/2023,45065,2,0,0,YES,,59,39.97,14.99,SALE,FLASH,,,Tee Flash Sale 1.17.25.xlsx,Pricing LY,45728.34178,45728.35932
107103-1601,FP,23M2,4/21/2023,45048,28,21,0,YES,LIVE,59,39.97,14.99,SALE,FLASH,,,Tee Flash Sale 1.17.25.xlsx,Pricing LY,45728.34178,45728.35932
107103-1700,FP,23M2,4/21/2023,45065,279,258,0,YES,LIVE,59,39.97,14.99,SALE,FLASH,,,Tee Flash Sale 1.17.25.xlsx,Pricing LY,45728.34178,45728.35932
107104-1001,FP,23M3,6/12/2023,45101,81,71,0,YES,LIVE,59,49.97,14.99,SALE,FLASH,,,Tee Flash Sale 1.17.25.xlsx,Pricing LY,45728.34178,45728.35932
107104-1700,FP,23M3,6/12/2023,45108,14,7,57,YES,LIVE,59,49.97,14.99,SALE,FLASH,,,Tee Flash Sale 1.17.25.xlsx,Pricing LY,45728.34178,45728.35932
107105-1001,FP,23M3,6/9/2023,45092,162,108,0,YES,LIVE,59,39.97,14.99,SALE,FLASH,,,Tee Flash Sale 1.17.25.xlsx,Pricing LY,45728.34178,45728.35932
107105-1501,FP,23M3,6/9/2023,45093,63,60,0,YES,LIVE,59,39.97,14.99,SALE,FLASH,,,Tee Flash Sale 1.17.25.xlsx,Pricing LY,45728.34178,45728.35932
107105-1700,FP,23M3,6/12/2023,45092,95,85,0,YES,LIVE,59,39.97,14.99,SALE,FLASH,,,Tee Flash Sale 1.17.25.xlsx,Pricing LY,45728.34178,45728.35932
107105-2701,FP,23M3,6/9/2023,45093,1,0,92,YES,,59,39.97,14.99,SALE,FLASH,,,Tee Flash Sale 1.17.25.xlsx,Pricing LY,45728.34178,45728.35932
107107-1700,FP,23M3,6/9/2023,45089,206,195,346,YES,LIVE,69,59.97,14.99,SALE,FLASH,,,Tee Flash Sale 1.17.25.xlsx,Pricing LY,45728.34178,45728.35932
107108-1001,FP,23M3,6/9/2023,45085,34,27,0,YES,LIVE,79,64.97,14.99,SALE,FLASH,,,Tee Flash Sale 1.17.25.xlsx,Pricing LY,45728.34178,45728.35932
107170-1700,FP,22H3,10/25/2023,44904,-5,0,0,YES,,59,49.97,14.99,SALE,FLASH,,,Tee Flash Sale 1.17.25.xlsx,Pricing LY,45728.34178,45728.35932
107170-6059,FP,22H3,10/14/2023,44904,-25,179,0,YES,LIVE,59,49.97,14.99,SALE,FLASH,,,Tee Flash Sale 1.17.25.xlsx,Pricing LY,45728.34178,45728.35932
107189-1001,OP,23S1,3/21/2023,45018,0,0,0,YES,,59,39.97,14.99,SALE,FLASH,,,Tee Flash Sale 1.17.25.xlsx,Pricing LY,45728.34178,45728.35932
107189-1501,OP,23S1,3/21/2023,45016,2,699,0,YES,LIVE,59,39.97,14.99,SALE,FLASH,,,Tee Flash Sale 1.17.25.xlsx,Pricing LY,45728.34178,45728.35932
107189-1700,OP,23S1,3/22/2023,45016,1,0,0,YES,,59,39.97,14.99,SALE,FLASH,,,Tee Flash Sale 1.17.25.xlsx,Pricing LY,45728.34178,45728.35932
107189-6000,OP,23S1,3/21/2023,45015,126,39,0,YES,LIVE,59,39.97,14.99,SALE,FLASH,,,Tee Flash Sale 1.17.25.xlsx,Pricing LY,45728.34178,45728.35932
107190-1001,OP,23M1,4/18/2023,45042,186,145,0,YES,LIVE,59,39.97,14.99,SALE,FLASH,,,Tee Flash Sale 1.17.25.xlsx,Pricing LY,45728.34178,45728.35932
107190-1501,OP,23M1,,,0,0,0,YES,,59,39.97,14.99,SALE,FLASH,,,Tee Flash Sale 1.17.25.xlsx,Pricing LY,45728.34178,45728.35932
107190-1700,OP,23M1,4/17/2023,45038,1,0,0,YES,,59,39.97,14.99,SALE,FLASH,,,Tee Flash Sale 1.17.25.xlsx,Pricing LY,45728.34178,45728.35932
107190-4189,OP,23M1,5/2/2023,45035,37,27,0,YES,LIVE,59,39.97,14.99,SALE,FLASH,,,Tee Flash Sale 1.17.25.xlsx,Pricing LY,45728.34178,45728.35932
107190-6000,OP,23M1,4/19/2023,45035,117,78,0,YES,LIVE,59,39.97,14.99,SALE,FLASH,,,Tee Flash Sale 1.17.25.xlsx,Pricing LY,45728.34178,45728.35932
107192-1001,OP,23S1,3/20/2023,0,0,0,0,YES,,69,49.97,14.99,SALE,FLASH,,,Tee Flash Sale 1.17.25.xlsx,Pricing LY,45728.34178,45728.35932
107192-6000,OP,23S1,3/20/2023,0,0,0,0,YES,,69,49.97,14.99,SALE,FLASH,,,Tee Flash Sale 1.17.25.xlsx,Pricing LY,45728.34178,45728.35932
107192-7012,OP,23S1,3/21/2023,45023,17,14,0,YES,LIVE,69,49.97,14.99,SALE,FLASH,,,Tee Flash Sale 1.17.25.xlsx,Pricing LY,45728.34178,45728.35932
107194-1001,OP,23M1,5/2/2023,45042,-19,27,0,YES,LIVE,59,39.97,14.99,SALE,FLASH,,,Tee Flash Sale 1.17.25.xlsx,Pricing LY,45728.34178,45728.35932
107194-1700,OP,23M1,5/19/2023,45047,1,0,0,YES,,59,39.97,14.99,SALE,FLASH,,,Tee Flash Sale 1.17.25.xlsx,Pricing LY,45728.34178,45728.35932
107194-4189,OP,23M1,4/19/2023,45042,0,0,0,YES,,59,39.97,14.99,SALE,FLASH,,,Tee Flash Sale 1.17.25.xlsx,Pricing LY,45728.34178,45728.35932
107194-4403,OP,23M1,4/17/2023,45045,198,114,0,YES,LIVE,59,39.97,14.99,SALE,FLASH,,,Tee Flash Sale 1.17.25.xlsx,Pricing LY,45728.34178,45728.35932
107194-6000,OP,23M1,4/17/2023,0,0,0,0,YES,,59,39.97,14.99,SALE,FLASH,,,Tee Flash Sale 1.17.25.xlsx,Pricing LY,45728.34178,45728.35932
107194-7326,OP,23M1,,,0,0,0,YES,,59,39.97,14.99,SALE,FLASH,,,Tee Flash Sale 1.17.25.xlsx,Pricing LY,45728.34178,45728.35932
107199-1001,OP,23M1,4/4/2023,45027,78,74,0,YES,LIVE,59,49.97,14.99,SALE,FLASH,,,Tee Flash Sale 1.17.25.xlsx,Pricing LY,45728.34178,45728.35932
107199-1700,OP,23M1,4/4/2023,45027,134,126,0,YES,LIVE,59,49.97,14.99,SALE,FLASH,,,Tee Flash Sale 1.17.25.xlsx,Pricing LY,45728.34178,45728.35932
107199-4403,OP,23M1,4/4/2023,45066,184,170,0,YES,LIVE,59,49.97,14.99,SALE,FLASH,,,Tee Flash Sale 1.17.25.xlsx,Pricing LY,45728.34178,45728.35932
107199-9807,OP,23M1,4/4/2023,45031,79,75,0,YES,LIVE,59,49.97,14.99,SALE,FLASH,,,Tee Flash Sale 1.17.25.xlsx,Pricing LY,45728.34178,45728.35932
107201-1001,OP,23M1,3/31/2023,45050,1,0,0,YES,,59,39.97,14.99,SALE,FLASH,,,Tee Flash Sale 1.17.25.xlsx,Pricing LY,45728.34178,45728.35932
107201-4403,OP,23M1,3/31/2023,45058,21,17,0,YES,LIVE,59,39.97,14.99,SALE,FLASH,,,Tee Flash Sale 1.17.25.xlsx,Pricing LY,45728.34178,45728.35932
107201-6000,OP,23M1,3/31/2023,45049,3,0,0,YES,,59,39.97,14.99,SALE,FLASH,,,Tee Flash Sale 1.17.25.xlsx,Pricing LY,45728.34178,45728.35932
107201-7326,OP,23M1,3/31/2023,45049,189,153,0,YES,LIVE,59,39.97,14.99,SALE,FLASH,,,Tee Flash Sale 1.17.25.xlsx,Pricing LY,45728.34178,45728.35932
107206-1001,OP,23S1,1/26/2023,44962,2,0,0,YES,,59,39.97,14.99,SALE,FLASH,,,Tee Flash Sale 1.17.25.xlsx,Pricing LY,45728.34178,45728.35932
107206-1700,OP,23S1,1/26/2023,44966,17,15,0,YES,LIVE,59,39.97,14.99,SALE,FLASH,,,Tee Flash Sale 1.17.25.xlsx,Pricing LY,45728.34178,45728.35932
107206-6000,OP,23S1,1/26/2023,44970,11,8,0,YES,LIVE,59,39.97,14.99,SALE,FLASH,,,Tee Flash Sale 1.17.25.xlsx,Pricing LY,45728.34178,45728.35932
107209-1001,OP,23S1,3/23/2023,45014,75,12,0,YES,LIVE,59,39.97,14.99,SALE,FLASH,,,Tee Flash Sale 1.17.25.xlsx,Pricing LY,45728.34178,45728.35932
107209-1501,OP,23S1,3/21/2023,45014,337,312,0,YES,LIVE,59,39.97,14.99,SALE,FLASH,,,Tee Flash Sale 1.17.25.xlsx,Pricing LY,45728.34178,45728.35932
107209-1700,OP,23S1,3/23/2023,45020,436,344,0,YES,LIVE,59,39.97,14.99,SALE,FLASH,,,Tee Flash Sale 1.17.25.xlsx,Pricing LY,45728.34178,45728.35932
107209-4189,OP,23S1,3/20/2023,0,0,0,0,YES,,59,39.97,14.99,SALE,FLASH,,,Tee Flash Sale 1.17.25.xlsx,Pricing LY,45728.34178,45728.35932
107228-1001,OP,23S1,1/26/2023,0,0,0,0,YES,,59,39.97,14.99,SALE,FLASH,,,Tee Flash Sale 1.17.25.xlsx,Pricing LY,45728.34178,45728.35932
107228-1700,OP,23S1,1/26/2023,44961,49,43,0,YES,LIVE,59,39.97,14.99,SALE,FLASH,,,Tee Flash Sale 1.17.25.xlsx,Pricing LY,45728.34178,45728.35932
107228-4258,OP,23S1,,,0,0,0,YES,,59,39.97,14.99,SALE,FLASH,,,Tee Flash Sale 1.17.25.xlsx,Pricing LY,45728.34178,45728.35932
107230-1001,OP,23S1,3/20/2023,45015,34,29,0,YES,LIVE,59,49.97,14.99,SALE,FLASH,,,Tee Flash Sale 1.17.25.xlsx,Pricing LY,45728.34178,45728.35932
107230-1700,OP,23S1,3/21/2023,45020,102,89,0,YES,LIVE,59,49.97,14.99,SALE,FLASH,,,Tee Flash Sale 1.17.25.xlsx,Pricing LY,45728.34178,45728.35932
107230-2416,OP,23S1,3/20/2023,45023,11,5,0,YES,LIVE,59,49.97,14.99,SALE,FLASH,,,Tee Flash Sale 1.17.25.xlsx,Pricing LY,45728.34178,45728.35932
107231-1001,OP,23S2,1/27/2023,44968,1,0,0,YES,,59,49.97,14.99,SALE,FLASH,,,Tee Flash Sale 1.17.25.xlsx,Pricing LY,45728.34178,45728.35932
107231-1700,OP,23S2,1/27/2023,44968,22,20,0,YES,LIVE,59,49.97,14.99,SALE,FLASH,,,Tee Flash Sale 1.17.25.xlsx,Pricing LY,45728.34178,45728.35932
107231-3301,OP,23S2,1/27/2023,0,0,0,0,YES,,59,49.97,14.99,SALE,FLASH,,,Tee Flash Sale 1.17.25.xlsx,Pricing LY,45728.34178,45728.35932
107231-6000,OP,23S2,1/27/2023,0,0,0,0,YES,,59,49.97,14.99,SALE,FLASH,,,Tee Flash Sale 1.17.25.xlsx,Pricing LY,45728.34178,45728.35932
107234-1001,OP,23S1,,,0,0,0,YES,,59,49.97,14.99,SALE,FLASH,,,Tee Flash Sale 1.17.25.xlsx,Pricing LY,45728.34178,45728.35932
107234-1700,OP,23S1,1/25/2023,44959,70,69,0,YES,LIVE,59,49.97,14.99,SALE,FLASH,,,Tee Flash Sale 1.17.25.xlsx,Pricing LY,45728.34178,45728.35932
107234-4189,OP,23S1,1/25/2023,0,0,0,0,YES,,59,49.97,14.99,SALE,FLASH,,,Tee Flash Sale 1.17.25.xlsx,Pricing LY,45728.34178,45728.35932
107250-1001,FP,23S3,,,0,0,0,YES,,59,49.97,14.99,SALE,FLASH,,,Tee Flash Sale 1.17.25.xlsx,Pricing LY,45728.34178,45728.35932
107250-1501,FP,23S3,2/20/2023,0,0,0,0,YES,,59,49.97,14.99,SALE,FLASH,,,Tee Flash Sale 1.17.25.xlsx,Pricing LY,45728.34178,45728.35932
107250-1700,FP,23S3,2/20/2023,0,0,1,0,YES,LIVE,59,49.97,14.99,SALE,FLASH,,,Tee Flash Sale 1.17.25.xlsx,Pricing LY,45728.34178,45728.35932
107250-2504,FP,23S3,4/11/2023,0,0,0,0,YES,,59,49.97,14.99,SALE,FLASH,,,Tee Flash Sale 1.17.25.xlsx,Pricing LY,45728.34178,45728.35932
107253-1700,OP,23S1,3/15/2023,44963,11,9,0,YES,LIVE,59,49.97,14.99,SALE,FLASH,,,Tee Flash Sale 1.17.25.xlsx,Pricing LY,45728.34178,45728.35932
107253-4189,OP,23S1,1/25/2023,0,0,0,0,YES,,59,49.97,14.99,SALE,FLASH,,,Tee Flash Sale 1.17.25.xlsx,Pricing LY,45728.34178,45728.35932
107298-1700,OP,23F1,7/31/2023,45157,-5,1232,0,YES,LIVE,59,49.97,14.99,SALE,FLASH,,,Tee Flash Sale 1.17.25.xlsx,Pricing LY,45728.34178,45728.35932
107298-6000,OP,23F1,7/31/2023,0,-1,0,0,YES,,59,49.97,14.99,SALE,FLASH,,,Tee Flash Sale 1.17.25.xlsx,Pricing LY,45728.34178,45728.35932
107299-4848,OP,23F1,,,0,946,0,YES,LIVE,69,59.97,14.99,SALE,FLASH,,,Tee Flash Sale 1.17.25.xlsx,Pricing LY,45728.34178,45728.35932
107299-7027,OP,23F1,7/19/2023,45155,-4,728,0,YES,LIVE,69,59.97,14.99,SALE,FLASH,,,Tee Flash Sale 1.17.25.xlsx,Pricing LY,45728.34178,45728.35932
107301-1001,OP,23M1,4/21/2023,0,0,0,0,YES,,59,39.97,14.99,SALE,FLASH,,,Tee Flash Sale 1.17.25.xlsx,Pricing LY,45728.34178,45728.35932
107301-4403,OP,23M1,4/21/2023,45049,-9,44,0,YES,LIVE,59,39.97,14.99,SALE,FLASH,,,Tee Flash Sale 1.17.25.xlsx,Pricing LY,45728.34178,45728.35932
107304-1001,OP,23M1,4/27/2023,45049,27,16,0,YES,LIVE,59,39.97,14.99,SALE,FLASH,,,Tee Flash Sale 1.17.25.xlsx,Pricing LY,45728.34178,45728.35932
107304-6000,OP,23M1,4/27/2023,45078,131,98,0,YES,LIVE,59,39.97,14.99,SALE,FLASH,,,Tee Flash Sale 1.17.25.xlsx,Pricing LY,45728.34178,45728.35932
107304-9807,OP,23M1,,,0,0,0,YES,,59,39.97,14.99,SALE,FLASH,,,Tee Flash Sale 1.17.25.xlsx,Pricing LY,45728.34178,45728.35932
107306-1001,FP,23M1,4/24/2023,45063,7,1,0,YES,LIVE,59,39.97,14.99,SALE,FLASH,,,Tee Flash Sale 1.17.25.xlsx,Pricing LY,45728.34178,45728.35932
107306-1700,FP,23M1,4/18/2023,45064,1,0,0,YES,,59,39.97,14.99,SALE,FLASH,,,Tee Flash Sale 1.17.25.xlsx,Pricing LY,45728.34178,45728.35932
107306-4903,FP,23M1,4/18/2023,45043,1,0,0,YES,,59,39.97,14.99,SALE,FLASH,,,Tee Flash Sale 1.17.25.xlsx,Pricing LY,45728.34178,45728.35932
107306-7008,FP,24S2,,,0,0,0,,,59,39.97,14.99,SALE,FLASH,,,Tee Flash Sale 1.17.25.xlsx,Pricing LY,45728.34178,45728.35932
107308-1001,OP,23M1,4/26/2023,45049,43,15,0,YES,LIVE,59,39.97,14.99,SALE,FLASH,,,Tee Flash Sale 1.17.25.xlsx,Pricing LY,45728.34178,45728.35932
107308-1700,OP,23M1,4/27/2023,45068,156,161,0,YES,LIVE,59,39.97,14.99,SALE,FLASH,,,Tee Flash Sale 1.17.25.xlsx,Pricing LY,45728.34178,45728.35932
107308-4189,OP,23M1,4/26/2023,45049,55,33,0,YES,LIVE,59,39.97,14.99,SALE,FLASH,,,Tee Flash Sale 1.17.25.xlsx,Pricing LY,45728.34178,45728.35932
107311-1001,OP,23M1,4/19/2023,45034,3,0,0,YES,,59,39.97,14.99,SALE,FLASH,,,Tee Flash Sale 1.17.25.xlsx,Pricing LY,45728.34178,45728.35932
107311-1700,OP,23M1,4/11/2023,45039,67,43,0,YES,LIVE,59,39.97,14.99,SALE,FLASH,,,Tee Flash Sale 1.17.25.xlsx,Pricing LY,45728.34178,45728.35932
107311-6000,OP,23M1,4/11/2023,45038,44,27,0,YES,LIVE,59,39.97,14.99,SALE,FLASH,,,Tee Flash Sale 1.17.25.xlsx,Pricing LY,45728.34178,45728.35932
107311-9807,OP,23M1,4/11/2023,45034,2,0,0,YES,,59,39.97,14.99,SALE,FLASH,,,Tee Flash Sale 1.17.25.xlsx,Pricing LY,45728.34178,45728.35932
107313-1001,OP,23M1,3/9/2023,44999,273,247,0,YES,LIVE,59,49.97,14.99,SALE,FLASH,,,Tee Flash Sale 1.17.25.xlsx,Pricing LY,45728.34178,45728.35932
107313-1501,OP,23M1,3/14/2023,45000,18,16,0,YES,LIVE,59,49.97,14.99,SALE,FLASH,,,Tee Flash Sale 1.17.25.xlsx,Pricing LY,45728.34178,45728.35932
107313-1700,OP,23M1,3/10/2023,45008,328,301,0,YES,LIVE,59,49.97,14.99,SALE,FLASH,,,Tee Flash Sale 1.17.25.xlsx,Pricing LY,45728.34178,45728.35932
107313-4189,OP,23M1,3/10/2023,45001,208,165,0,YES,LIVE,59,49.97,14.99,SALE,FLASH,,,Tee Flash Sale 1.17.25.xlsx,Pricing LY,45728.34178,45728.35932
107315-1001,OP,23M1,3/29/2023,45020,0,0,0,YES,,59,39.97,14.99,SALE,FLASH,,,Tee Flash Sale 1.17.25.xlsx,Pricing LY,45728.34178,45728.35932
107315-1700,OP,23M1,3/29/2023,45023,107,94,0,YES,LIVE,59,39.97,14.99,SALE,FLASH,,,Tee Flash Sale 1.17.25.xlsx,Pricing LY,45728.34178,45728.35932
107315-7326,OP,23M1,,,0,0,0,YES,,59,39.97,14.99,SALE,FLASH,,,Tee Flash Sale 1.17.25.xlsx,Pricing LY,45728.34178,45728.35932
107317-4189,OP,23M1,3/31/2023,45048,452,436,0,YES,LIVE,69,49.97,14.99,SALE,FLASH,,,Tee Flash Sale 1.17.25.xlsx,Pricing LY,45728.34178,45728.35932
107318-1501,OP,23M1,,,0,0,0,YES,,59,39.97,14.99,SALE,FLASH,,,Tee Flash Sale 1.17.25.xlsx,Pricing LY,45728.34178,45728.35932
107318-1700,OP,23M1,4/28/2023,45054,230,201,0,YES,LIVE,59,39.97,14.99,SALE,FLASH,,,Tee Flash Sale 1.17.25.xlsx,Pricing LY,45728.34178,45728.35932
107318-4189,OP,23M1,4/28/2023,45050,10,5,0,YES,LIVE,59,39.97,14.99,SALE,FLASH,,,Tee Flash Sale 1.17.25.xlsx,Pricing LY,45728.34178,45728.35932
107318-7326,OP,23M1,5/1/2023,45053,-12,67,0,YES,LIVE,59,39.97,14.99,SALE,FLASH,,,Tee Flash Sale 1.17.25.xlsx,Pricing LY,45728.34178,45728.35932
107319-1001,FP,23M2,4/21/2023,45041,-1,0,0,YES,,59,49.97,14.99,SALE,FLASH,,,Tee Flash Sale 1.17.25.xlsx,Pricing LY,45728.34178,45728.35932
107319-1601,FP,23M2,4/21/2023,45044,47,43,0,YES,LIVE,59,49.97,14.99,SALE,FLASH,,,Tee Flash Sale 1.17.25.xlsx,Pricing LY,45728.34178,45728.35932
107319-1700,FP,23M2,4/21/2023,45044,11,5,0,YES,LIVE,59,49.97,14.99,SALE,FLASH,,,Tee Flash Sale 1.17.25.xlsx,Pricing LY,45728.34178,45728.35932
107319-6510,FP,23M2,4/21/2023,45071,99,91,63,YES,LIVE,59,49.97,14.99,SALE,FLASH,,,Tee Flash Sale 1.17.25.xlsx,Pricing LY,45728.34178,45728.35932
107320-1001,FP,23M3,5/24/2023,45072,287,254,0,YES,LIVE,59,39.97,14.99,SALE,FLASH,,,Tee Flash Sale 1.17.25.xlsx,Pricing LY,45728.34178,45728.35932
107320-1501,FP,23M3,6/1/2023,45073,155,124,0,YES,LIVE,59,39.97,14.99,SALE,FLASH,,,Tee Flash Sale 1.17.25.xlsx,Pricing LY,45728.34178,45728.35932
107320-1700,FP,23M3,5/24/2023,45072,7,6,0,YES,LIVE,59,39.97,14.99,SALE,FLASH,,,Tee Flash Sale 1.17.25.xlsx,Pricing LY,45728.34178,45728.35932
107320-4001,FP,24S2,,,0,0,0,,,59,39.97,14.99,SALE,FLASH,,,Tee Flash Sale 1.17.25.xlsx,Pricing LY,45728.34178,45728.35932
107471-1001,FP,23S1,,,0,0,0,YES,,59,39.97,14.99,SALE,FLASH,,,Tee Flash Sale 1.17.25.xlsx,Pricing LY,45728.34178,45728.35932
107471-8302,FP,23S1,1/13/2023,44949,28,24,0,YES,LIVE,59,39.97,14.99,SALE,FLASH,,,Tee Flash Sale 1.17.25.xlsx,Pricing LY,45728.34178,45728.35932
107635-1001,OP,23M1,4/20/2023,45064,28,27,0,YES,LIVE,69,59.97,14.99,SALE,FLASH,,,Tee Flash Sale 1.17.25.xlsx,Pricing LY,45728.34178,45728.35932
107635-1501,OP,23M1,4/20/2023,45070,88,80,0,YES,LIVE,69,59.97,14.99,SALE,FLASH,,,Tee Flash Sale 1.17.25.xlsx,Pricing LY,45728.34178,45728.35932
107635-6000,OP,23M1,4/20/2023,45043,89,72,0,YES,LIVE,69,59.97,14.99,SALE,FLASH,,,Tee Flash Sale 1.17.25.xlsx,Pricing LY,45728.34178,45728.35932
107635-9807,OP,23M1,4/21/2023,45064,71,64,0,YES,LIVE,69,59.97,14.99,SALE,FLASH,,,Tee Flash Sale 1.17.25.xlsx,Pricing LY,45728.34178,45728.35932
107644-1001,OP,23M1,5/8/2023,0,0,0,0,YES,,59,49.97,14.99,SALE,FLASH,,,Tee Flash Sale 1.17.25.xlsx,Pricing LY,45728.34178,45728.35932
107644-4189,OP,23M1,5/8/2023,45080,105,76,0,YES,LIVE,59,49.97,14.99,SALE,FLASH,,,Tee Flash Sale 1.17.25.xlsx,Pricing LY,45728.34178,45728.35932
107644-6000,OP,23M1,5/8/2023,45064,40,31,0,YES,LIVE,59,49.97,14.99,SALE,FLASH,,,Tee Flash Sale 1.17.25.xlsx,Pricing LY,45728.34178,45728.35932
107644-7326,OP,23M1,5/8/2023,45066,389,1578,0,YES,LIVE,59,49.97,14.99,SALE,FLASH,,,Tee Flash Sale 1.17.25.xlsx,Pricing LY,45728.34178,45728.35932
107646-1001,OP,23M1,,,0,0,0,YES,,59,39.97,14.99,SALE,FLASH,,,Tee Flash Sale 1.17.25.xlsx,Pricing LY,45728.34178,45728.35932
107646-7326,OP,23M1,3/23/2023,45026,-8,366,0,YES,LIVE,59,39.97,14.99,SALE,FLASH,,,Tee Flash Sale 1.17.25.xlsx,Pricing LY,45728.34178,45728.35932
107646-9807,OP,23M1,3/23/2023,0,0,0,0,YES,,59,39.97,14.99,SALE,FLASH,,,Tee Flash Sale 1.17.25.xlsx,Pricing LY,45728.34178,45728.35932
107647-1001,OP,23M1,5/2/2023,45048,133,98,0,YES,LIVE,59,49.97,14.99,SALE,FLASH,,,Tee Flash Sale 1.17.25.xlsx,Pricing LY,45728.34178,45728.35932
107647-1501,OP,23M1,,,0,0,0,YES,,59,49.97,14.99,SALE,FLASH,,,Tee Flash Sale 1.17.25.xlsx,Pricing LY,45728.34178,45728.35932
107647-4189,OP,23M1,5/2/2023,45055,31,8,0,YES,LIVE,59,49.97,14.99,SALE,FLASH,,,Tee Flash Sale 1.17.25.xlsx,Pricing LY,45728.34178,45728.35932
107647-6000,OP,23M1,4/26/2023,45058,642,602,0,YES,LIVE,59,49.97,14.99,SALE,FLASH,,,Tee Flash Sale 1.17.25.xlsx,Pricing LY,45728.34178,45728.35932
107692-1001,OP,23F1,8/9/2023,45107,19,6,0,YES,LIVE,59,49.97,14.99,SALE,FLASH,,,Tee Flash Sale 1.17.25.xlsx,Pricing LY,45728.34178,45728.35932
107692-1700,OP,23F1,8/31/2023,45105,38,188,0,YES,LIVE,59,49.97,14.99,SALE,FLASH,,,Tee Flash Sale 1.17.25.xlsx,Pricing LY,45728.34178,45728.35932
107692-3002,OP,23F1,,,0,0,0,YES,,59,49.97,14.99,SALE,FLASH,,,Tee Flash Sale 1.17.25.xlsx,Pricing LY,45728.34178,45728.35932
107692-4189,OP,23F1,8/19/2023,45107,249,272,0,YES,LIVE,59,49.97,14.99,SALE,FLASH,,,Tee Flash Sale 1.17.25.xlsx,Pricing LY,45728.34178,45728.35932
107692-6003,OP,23F1,8/9/2023,45106,1,0,0,YES,,59,49.97,14.99,SALE,FLASH,,,Tee Flash Sale 1.17.25.xlsx,Pricing LY,45728.34178,45728.35932
107692-7014,OP,23F1,,,0,0,0,YES,,59,49.97,14.99,SALE,FLASH,,,Tee Flash Sale 1.17.25.xlsx,Pricing LY,45728.34178,45728.35932
107694-1001,OP,23F1,8/9/2023,45105,5,0,0,YES,,59,49.97,14.99,SALE,FLASH,,,Tee Flash Sale 1.17.25.xlsx,Pricing LY,45728.34178,45728.35932
107694-1700,OP,23F1,8/31/2023,45105,231,204,0,YES,LIVE,59,49.97,14.99,SALE,FLASH,,,Tee Flash Sale 1.17.25.xlsx,Pricing LY,45728.34178,45728.35932
107694-3002,OP,23F1,,,0,0,0,YES,,59,49.97,14.99,SALE,FLASH,,,Tee Flash Sale 1.17.25.xlsx,Pricing LY,45728.34178,45728.35932
107694-4189,OP,23F1,,,0,0,0,YES,,59,49.97,14.99,SALE,FLASH,,,Tee Flash Sale 1.17.25.xlsx,Pricing LY,45728.34178,45728.35932
107694-6003,OP,23F1,,,0,0,0,YES,,59,49.97,14.99,SALE,FLASH,,,Tee Flash Sale 1.17.25.xlsx,Pricing LY,45728.34178,45728.35932
107694-7014,OP,23F1,8/31/2023,45105,44,30,0,YES,LIVE,59,49.97,14.99,SALE,FLASH,,,Tee Flash Sale 1.17.25.xlsx,Pricing LY,45728.34178,45728.35932
107695-1001,OP,23F1,,,0,0,0,YES,,59,49.97,14.99,SALE,FLASH,,,Tee Flash Sale 1.17.25.xlsx,Pricing LY,45728.34178,45728.35932
107695-1700,OP,23F1,7/31/2023,45121,-13,4377,0,YES,LIVE,59,49.97,14.99,SALE,FLASH,,,Tee Flash Sale 1.17.25.xlsx,Pricing LY,45728.34178,45728.35932
107695-4189,OP,23F1,7/10/2023,45135,-9,496,0,YES,LIVE,59,49.97,14.99,SALE,FLASH,,,Tee Flash Sale 1.17.25.xlsx,Pricing LY,45728.34178,45728.35932
107696-1001,OP,23F2,8/26/2023,45150,-88,3858,56,YES,LIVE,59,49.97,14.99,SALE,FLASH,,,Tee Flash Sale 1.17.25.xlsx,Pricing LY,45728.34178,45728.35932
107696-1700,OP,23F2,7/31/2023,45148,-70,4042,170,YES,LIVE,59,49.97,14.99,SALE,FLASH,,,Tee Flash Sale 1.17.25.xlsx,Pricing LY,45728.34178,45728.35932
107696-3002,OP,23F3,8/25/2023,45165,-30,220,0,YES,LIVE,59,49.97,14.99,SALE,FLASH,,,Tee Flash Sale 1.17.25.xlsx,Pricing LY,45728.34178,45728.35932
107696-4189,OP,23F2,7/31/2023,45155,19,2239,0,YES,LIVE,59,49.97,14.99,SALE,FLASH,,,Tee Flash Sale 1.17.25.xlsx,Pricing LY,45728.34178,45728.35932
107696-6003,OP,23F2,7/31/2023,45159,-67,2567,0,YES,LIVE,59,49.97,14.99,SALE,FLASH,,,Tee Flash Sale 1.17.25.xlsx,Pricing LY,45728.34178,45728.35932
107696-7014,OP,23F2,7/31/2023,45154,-23,1424,111,YES,LIVE,59,49.97,14.99,SALE,FLASH,,,Tee Flash Sale 1.17.25.xlsx,Pricing LY,45728.34178,45728.35932
107697-1001,OP,23F2,,,0,0,112,YES,,59,49.97,14.99,SALE,FLASH,,,Tee Flash Sale 1.17.25.xlsx,Pricing LY,45728.34178,45728.35932
107697-3002,OP,23F2,8/30/2023,45218,-44,1130,0,YES,LIVE,59,49.97,14.99,SALE,FLASH,,,Tee Flash Sale 1.17.25.xlsx,Pricing LY,45728.34178,45728.35932
107698-1001,OP,23F2,7/27/2023,45196,128,108,0,YES,LIVE,59,49.97,14.99,SALE,FLASH,,,Tee Flash Sale 1.17.25.xlsx,Pricing LY,45728.34178,45728.35932
107698-1700,OP,23F2,7/27/2023,45154,298,286,0,YES,LIVE,59,49.97,14.99,SALE,FLASH,,,Tee Flash Sale 1.17.25.xlsx,Pricing LY,45728.34178,45728.35932
107698-4903,OP,23F2,7/27/2023,45188,38,32,0,YES,LIVE,59,49.97,14.99,SALE,FLASH,,,Tee Flash Sale 1.17.25.xlsx,Pricing LY,45728.34178,45728.35932
107698-6003,OP,23F2,7/27/2023,45149,19,182,0,YES,LIVE,59,49.97,14.99,SALE,FLASH,,,Tee Flash Sale 1.17.25.xlsx,Pricing LY,45728.34178,45728.35932
107699-1001,OP,23F1,8/30/2023,45159,-26,1111,0,YES,LIVE,59,49.97,14.99,SALE,FLASH,,,Tee Flash Sale 1.17.25.xlsx,Pricing LY,45728.34178,45728.35932
107699-1700,OP,23F1,8/30/2023,45133,-13,3829,0,YES,LIVE,59,49.97,14.99,SALE,FLASH,,,Tee Flash Sale 1.17.25.xlsx,Pricing LY,45728.34178,45728.35932
107699-3002,OP,23F2,8/30/2023,45172,-5,1659,0,YES,LIVE,59,49.97,14.99,SALE,FLASH,,,Tee Flash Sale 1.17.25.xlsx,Pricing LY,45728.34178,45728.35932
107699-4189,OP,23F1,8/30/2023,45152,-4,1623,0,YES,LIVE,59,49.97,14.99,SALE,FLASH,,,Tee Flash Sale 1.17.25.xlsx,Pricing LY,45728.34178,45728.35932
107699-7014,OP,23F1,8/30/2023,45169,-3,669,0,YES,LIVE,59,49.97,14.99,SALE,FLASH,,,Tee Flash Sale 1.17.25.xlsx,Pricing LY,45728.34178,45728.35932
107700-1001,OP,23F1,,,2,0,0,YES,,59,49.97,14.99,SALE,FLASH,,,Tee Flash Sale 1.17.25.xlsx,Pricing LY,45728.34178,45728.35932
107700-1700,OP,23F2,9/21/2023,45205,9,7,0,YES,LIVE,59,49.97,14.99,SALE,FLASH,,,Tee Flash Sale 1.17.25.xlsx,Pricing LY,45728.34178,45728.35932
107700-3002,OP,23F1,,,0,0,0,YES,,59,49.97,14.99,SALE,FLASH,,,Tee Flash Sale 1.17.25.xlsx,Pricing LY,45728.34178,45728.35932
107702-1001,OP,23F1,7/25/2023,45120,5,0,0,YES,,59,49.97,14.99,SALE,FLASH,,,Tee Flash Sale 1.17.25.xlsx,Pricing LY,45728.34178,45728.35932
107702-1700,OP,23F1,8/22/2023,45132,27,19,0,YES,LIVE,59,49.97,14.99,SALE,FLASH,,,Tee Flash Sale 1.17.25.xlsx,Pricing LY,45728.34178,45728.35932
107702-3002,OP,23F3,,,0,0,0,YES,,59,49.97,14.99,SALE,FLASH,,,Tee Flash Sale 1.17.25.xlsx,Pricing LY,45728.34178,45728.35932
107702-4189,OP,23F1,7/28/2023,45138,6,0,0,YES,,59,49.97,14.99,SALE,FLASH,,,Tee Flash Sale 1.17.25.xlsx,Pricing LY,45728.34178,45728.35932
107702-6003,OP,23F1,7/5/2023,45141,2,0,0,YES,,59,49.97,14.99,SALE,FLASH,,,Tee Flash Sale 1.17.25.xlsx,Pricing LY,45728.34178,45728.35932
107702-7014,OP,23F1,7/18/2023,0,-3,0,0,YES,,59,49.97,14.99,SALE,FLASH,,,Tee Flash Sale 1.17.25.xlsx,Pricing LY,45728.34178,45728.35932
107703-1001,OP,23F1,7/31/2023,45129,16,13,0,YES,LIVE,59,49.97,14.99,SALE,FLASH,,,Tee Flash Sale 1.17.25.xlsx,Pricing LY,45728.34178,45728.35932
107703-1700,OP,23F1,7/31/2023,45121,265,255,0,YES,LIVE,59,49.97,14.99,SALE,FLASH,,,Tee Flash Sale 1.17.25.xlsx,Pricing LY,45728.34178,45728.35932
107703-3002,OP,23F1,7/6/2023,45132,2,0,0,YES,,59,49.97,14.99,SALE,FLASH,,,Tee Flash Sale 1.17.25.xlsx,Pricing LY,45728.34178,45728.35932
107703-4189,OP,23F1,7/25/2023,45141,111,102,0,YES,LIVE,59,49.97,14.99,SALE,FLASH,,,Tee Flash Sale 1.17.25.xlsx,Pricing LY,45728.34178,45728.35932
107703-6003,OP,23F1,,,0,0,0,YES,,59,49.97,14.99,SALE,FLASH,,,Tee Flash Sale 1.17.25.xlsx,Pricing LY,45728.34178,45728.35932
107703-7014,OP,23F1,,,0,0,0,YES,,59,49.97,14.99,SALE,FLASH,,,Tee Flash Sale 1.17.25.xlsx,Pricing LY,45728.34178,45728.35932
107704-1001,OP,23F2,7/27/2023,45157,43,36,0,YES,LIVE,69,59.97,14.99,SALE,FLASH,,,Tee Flash Sale 1.17.25.xlsx,Pricing LY,45728.34178,45728.35932
107704-1700,OP,23F2,7/27/2023,45170,43,10,0,YES,LIVE,69,59.97,14.99,SALE,FLASH,,,Tee Flash Sale 1.17.25.xlsx,Pricing LY,45728.34178,45728.35932
107704-6003,OP,23F2,7/27/2023,45161,86,77,0,YES,LIVE,69,59.97,14.99,SALE,FLASH,,,Tee Flash Sale 1.17.25.xlsx,Pricing LY,45728.34178,45728.35932
107704-7014,OP,23F2,8/30/2023,45154,1,0,0,YES,,69,59.97,14.99,SALE,FLASH,,,Tee Flash Sale 1.17.25.xlsx,Pricing LY,45728.34178,45728.35932
107705-1001,OP,23F2,8/15/2023,45162,42,234,0,YES,LIVE,69,59.97,14.99,SALE,FLASH,,,Tee Flash Sale 1.17.25.xlsx,Pricing LY,45728.34178,45728.35932
107705-1700,OP,23F2,8/18/2023,45163,311,236,0,YES,LIVE,69,59.97,14.99,SALE,FLASH,,,Tee Flash Sale 1.17.25.xlsx,Pricing LY,45728.34178,45728.35932
107705-4189,OP,23F2,8/15/2023,45168,101,75,304,YES,LIVE,69,59.97,14.99,SALE,FLASH,,,Tee Flash Sale 1.17.25.xlsx,Pricing LY,45728.34178,45728.35932
107705-7014,OP,23F2,8/15/2023,45171,-3,130,0,YES,LIVE,69,59.97,14.99,SALE,FLASH,,,Tee Flash Sale 1.17.25.xlsx,Pricing LY,45728.34178,45728.35932
107706-1001,OP,23F2,8/30/2023,45126,67,42,0,YES,LIVE,69,59.97,14.99,SALE,FLASH,,,Tee Flash Sale 1.17.25.xlsx,Pricing LY,45728.34178,45728.35932
107706-1700,OP,23F2,8/29/2023,45128,84,65,0,YES,LIVE,69,59.97,14.99,SALE,FLASH,,,Tee Flash Sale 1.17.25.xlsx,Pricing LY,45728.34178,45728.35932
107706-7014,OP,23F3,8/30/2023,45198,-12,439,0,YES,LIVE,69,59.97,14.99,SALE,FLASH,,,Tee Flash Sale 1.17.25.xlsx,Pricing LY,45728.34178,45728.35932
107806-1001,OP,23H1,10/4/2023,45210,2,0,0,YES,,59,49.97,14.99,SALE,FLASH,,,Tee Flash Sale 1.17.25.xlsx,Pricing LY,45728.34178,45728.35932
107806-1700,OP,23H1,10/4/2023,45213,-1,0,0,YES,,59,49.97,14.99,SALE,FLASH,,,Tee Flash Sale 1.17.25.xlsx,Pricing LY,45728.34178,45728.35932
107806-4903,OP,23H1,10/4/2023,45210,2,0,0,YES,,59,49.97,14.99,SALE,FLASH,,,Tee Flash Sale 1.17.25.xlsx,Pricing LY,45728.34178,45728.35932
107806-6000,OP,23H1,10/4/2023,45215,-100,1767,0,YES,LIVE,59,49.97,14.99,SALE,FLASH,,,Tee Flash Sale 1.17.25.xlsx,Pricing LY,45728.34178,45728.35932
107810-1001,OP,23H1,9/23/2023,45211,1,1,0,YES,LIVE,59,49.97,14.99,SALE,FLASH,,,Tee Flash Sale 1.17.25.xlsx,Pricing LY,45728.34178,45728.35932
107810-1501,OP,23H1,9/23/2023,45212,-28,0,0,YES,,59,49.97,14.99,SALE,FLASH,,,Tee Flash Sale 1.17.25.xlsx,Pricing LY,45728.34178,45728.35932
107810-1700,OP,23H1,9/25/2023,45211,-276,1726,0,YES,LIVE,59,49.97,14.99,SALE,FLASH,,,Tee Flash Sale 1.17.25.xlsx,Pricing LY,45728.34178,45728.35932
107810-6000,OP,23H1,9/26/2023,45211,-241,35,0,YES,LIVE,59,49.97,14.99,SALE,FLASH,,,Tee Flash Sale 1.17.25.xlsx,Pricing LY,45728.34178,45728.35932
107812-1001,OP,23H2,11/3/2023,45244,-203,1825,0,YES,LIVE,59,59,14.99,REG,FLASH,,,Tee Flash Sale 1.17.25.xlsx,Pricing LY,45728.34178,45728.35932
107812-4903,OP,23H2,11/2/2023,45244,-110,2246,0,YES,LIVE,59,59,14.99,REG,FLASH,,,Tee Flash Sale 1.17.25.xlsx,Pricing LY,45728.34178,45728.35932
107812-6000,OP,23H2,11/2/2023,45250,-100,2249,0,YES,LIVE,59,59,14.99,REG,FLASH,,,Tee Flash Sale 1.17.25.xlsx,Pricing LY,45728.34178,45728.35932
107813-1001,OP,23H2,11/7/2023,45245,482,3351,585,YES,LIVE,59,59,14.99,REG,FLASH,,,Tee Flash Sale 1.17.25.xlsx,Pricing LY,45728.34178,45728.35932
107813-1700,OP,23H2,11/10/2023,45252,507,3698,333,YES,LIVE,59,59,14.99,REG,FLASH,,,Tee Flash Sale 1.17.25.xlsx,Pricing LY,45728.34178,45728.35932
107813-3539,OP,23H2,11/9/2023,45245,118,1986,0,YES,LIVE,59,59,14.99,REG,FLASH,,,Tee Flash Sale 1.17.25.xlsx,Pricing LY,45728.34178,45728.35932
107813-4903,OP,23H2,11/7/2023,45248,-50,3684,0,YES,LIVE,59,59,14.99,REG,FLASH,,,Tee Flash Sale 1.17.25.xlsx,Pricing LY,45728.34178,45728.35932
107813-6000,OP,23H2,11/7/2023,45247,457,3964,0,YES,LIVE,59,59,14.99,REG,FLASH,,,Tee Flash Sale 1.17.25.xlsx,Pricing LY,45728.34178,45728.35932
107814-1001,OP,23H1,10/18/2023,45257,-767,202,0,YES,LIVE,59,49.97,14.99,SALE,FLASH,,,Tee Flash Sale 1.17.25.xlsx,Pricing LY,45728.34178,45728.35932
107814-1501,OP,23H1,,,0,0,294,,,59,49.97,14.99,SALE,FLASH,,,Tee Flash Sale 1.17.25.xlsx,Pricing LY,45728.34178,45728.35932
107814-1700,OP,23H1,10/18/2023,45257,788,4417,534,YES,LIVE,59,49.97,14.99,SALE,FLASH,,,Tee Flash Sale 1.17.25.xlsx,Pricing LY,45728.34178,45728.35932
107814-4116,OP,23H1,10/18/2023,45257,55,596,115,YES,LIVE,59,49.97,14.99,SALE,FLASH,,,Tee Flash Sale 1.17.25.xlsx,Pricing LY,45728.34178,45728.35932
107814-6000,OP,23H1,10/18/2023,45257,802,2475,96,YES,LIVE,59,49.97,14.99,SALE,FLASH,,,Tee Flash Sale 1.17.25.xlsx,Pricing LY,45728.34178,45728.35932
107815-1001,OP,23H1,10/12/2023,45257,589,515,229,YES,LIVE,59,49.97,14.99,SALE,FLASH,,,Tee Flash Sale 1.17.25.xlsx,Pricing LY,45728.34178,45728.35932
107815-1700,OP,23H1,10/12/2023,45257,1243,1185,0,YES,LIVE,59,49.97,14.99,SALE,FLASH,,,Tee Flash Sale 1.17.25.xlsx,Pricing LY,45728.34178,45728.35932
107815-4903,OP,23H1,10/12/2023,45257,717,664,0,YES,LIVE,59,49.97,14.99,SALE,FLASH,,,Tee Flash Sale 1.17.25.xlsx,Pricing LY,45728.34178,45728.35932
107815-6000,OP,23H1,10/12/2023,45257,329,257,0,YES,LIVE,59,49.97,14.99,SALE,FLASH,,,Tee Flash Sale 1.17.25.xlsx,Pricing LY,45728.34178,45728.35932
107995-1001,OP,23H1,9/25/2023,45211,-350,953,0,YES,LIVE,59,49.97,14.99,SALE,FLASH,,,Tee Flash Sale 1.17.25.xlsx,Pricing LY,45728.34178,45728.35932
107995-1700,OP,23H1,9/25/2023,45212,86,2473,308,YES,LIVE,59,49.97,14.99,SALE,FLASH,,,Tee Flash Sale 1.17.25.xlsx,Pricing LY,45728.34178,45728.35932
107995-6000,OP,23H1,9/23/2023,45215,10,1090,459,YES,LIVE,59,49.97,14.99,SALE,FLASH,,,Tee Flash Sale 1.17.25.xlsx,Pricing LY,45728.34178,45728.35932
107996-1001,OP,23H1,10/4/2023,45214,2,0,0,YES,,59,49.97,14.99,SALE,FLASH,,,Tee Flash Sale 1.17.25.xlsx,Pricing LY,45728.34178,45728.35932
107996-1700,OP,23H1,10/4/2023,45211,-239,713,0,YES,LIVE,59,49.97,14.99,SALE,FLASH,,,Tee Flash Sale 1.17.25.xlsx,Pricing LY,45728.34178,45728.35932
107996-6000,OP,23H1,10/4/2023,45211,-142,0,0,YES,,59,49.97,14.99,SALE,FLASH,,,Tee Flash Sale 1.17.25.xlsx,Pricing LY,45728.34178,45728.35932
107997-1001,OP,23H2,11/8/2023,45247,507,4010,614,YES,LIVE,59,59,14.99,REG,FLASH,,,Tee Flash Sale 1.17.25.xlsx,Pricing LY,45728.34178,45728.35932
107997-4903,OP,23H2,11/8/2023,45250,158,2339,609,YES,LIVE,59,59,14.99,REG,FLASH,,,Tee Flash Sale 1.17.25.xlsx,Pricing LY,45728.34178,45728.35932
107997-6000,OP,23H2,11/8/2023,45250,499,2806,0,YES,LIVE,59,59,14.99,REG,FLASH,,,Tee Flash Sale 1.17.25.xlsx,Pricing LY,45728.34178,45728.35932
107998-1501,OP,23H2,11/3/2023,45244,257,3679,0,YES,LIVE,59,59,14.99,REG,FLASH,,,Tee Flash Sale 1.17.25.xlsx,Pricing LY,45728.34178,45728.35932
107998-1700,OP,23H2,11/3/2023,45241,559,498,0,YES,LIVE,59,59,14.99,REG,FLASH,,,Tee Flash Sale 1.17.25.xlsx,Pricing LY,45728.34178,45728.35932
107998-6000,OP,23H2,11/3/2023,45247,515,517,0,YES,LIVE,59,59,14.99,REG,FLASH,,,Tee Flash Sale 1.17.25.xlsx,Pricing LY,45728.34178,45728.35932
108000-1001,OP,23H3,12/22/2023,45253,-95,1957,0,YES,LIVE,59,59,14.99,REG,FLASH,,,Tee Flash Sale 1.17.25.xlsx,Pricing LY,45728.34178,45728.35932
108000-1700,OP,23H3,12/22/2023,45254,-67,2273,0,YES,LIVE,59,59,14.99,REG,FLASH,,,Tee Flash Sale 1.17.25.xlsx,Pricing LY,45728.34178,45728.35932
108000-4903,OP,23H3,11/23/2023,45253,-20,2244,0,YES,LIVE,59,59,14.99,REG,FLASH,,,Tee Flash Sale 1.17.25.xlsx,Pricing LY,45728.34178,45728.35932
108281-1700,FP,TM,6/2/2023,45083,31,25,0,YES,LIVE,59,49.97,14.99,SALE,FLASH,,,Tee Flash Sale 1.17.25.xlsx,Pricing LY,45728.34178,45728.35932
108282-1700,FP,TM,6/2/2023,45083,25,15,0,YES,LIVE,59,49.97,14.99,SALE,FLASH,,,Tee Flash Sale 1.17.25.xlsx,Pricing LY,45728.34178,45728.35932
108580-1001,OP,23H3,12/1/2023,45266,-5,1283,0,YES,LIVE,59,59,14.99,REG,FLASH,,,Tee Flash Sale 1.17.25.xlsx,Pricing LY,45728.34178,45728.35932
108580-1700,OP,23H3,11/30/2023,45267,-4,4315,0,YES,LIVE,59,59,14.99,REG,FLASH,,,Tee Flash Sale 1.17.25.xlsx,Pricing LY,45728.34178,45728.35932
108580-3444,OP,23H3,12/1/2023,45267,-8,2606,0,YES,LIVE,59,59,14.99,REG,FLASH,,,Tee Flash Sale 1.17.25.xlsx,Pricing LY,45728.34178,45728.35932
108580-6000,OP,23H3,11/30/2023,45270,-2,1591,0,YES,LIVE,59,59,14.99,REG,FLASH,,,Tee Flash Sale 1.17.25.xlsx,Pricing LY,45728.34178,45728.35932
204225-1214,OP,22F3,8/25/2022,44814,414,393,0,YES,LIVE,59,49.97,14.99,SALE,FLASH,,,Tee Flash Sale 1.17.25.xlsx,Pricing LY,45728.34178,45728.35932
204225-1700,OP,20F2,,,0,0,0,YES,,59,49.97,14.99,SALE,FLASH,,,Tee Flash Sale 1.17.25.xlsx,Pricing LY,45728.34178,45728.35932
204225-4448,OP,22F3,8/25/2022,44833,621,614,0,YES,LIVE,59,49.97,14.99,SALE,FLASH,,,Tee Flash Sale 1.17.25.xlsx,Pricing LY,45728.34178,45728.35932
204225-7003,OP,22F3,8/25/2022,44812,132,114,0,YES,LIVE,59,49.97,14.99,SALE,FLASH,,,Tee Flash Sale 1.17.25.xlsx,Pricing LY,45728.34178,45728.35932
204225-8302,OP,21F1,8/7/2021,44418,41,41,0,YES,LIVE,59,49.97,14.99,SALE,FLASH,,,Tee Flash Sale 1.17.25.xlsx,Pricing LY,45728.34178,45728.35932
204233-1537,OP,22F3,8/25/2022,44817,1096,1120,0,YES,LIVE,59,49.97,14.99,SALE,FLASH,,,Tee Flash Sale 1.17.25.xlsx,Pricing LY,45728.34178,45728.35932
204233-4697,OP,22F3,8/25/2022,44802,248,231,0,YES,LIVE,59,49.97,14.99,SALE,FLASH,,,Tee Flash Sale 1.17.25.xlsx,Pricing LY,45728.34178,45728.35932
204233-6069,OP,22F3,8/25/2022,44802,960,944,0,YES,LIVE,59,49.97,14.99,SALE,FLASH,,,Tee Flash Sale 1.17.25.xlsx,Pricing LY,45728.34178,45728.35932
205543-1001,FP,22S1,,,0,0,0,YES,,59,39.97,14.99,SALE,FLASH,,,Tee Flash Sale 1.17.25.xlsx,Pricing LY,45728.34178,45728.35932
205543-4189,FP,22S1,4/10/2023,44597,199,161,0,YES,LIVE,59,39.97,14.99,SALE,FLASH,,,Tee Flash Sale 1.17.25.xlsx,Pricing LY,45728.34178,45728.35932
205543-8007,FP,22S1,,,0,0,0,YES,,59,39.97,14.99,SALE,FLASH,,,Tee Flash Sale 1.17.25.xlsx,Pricing LY,45728.34178,45728.35932
205543-9808,OP,22S1,4/10/2023,45029,124,72,0,YES,LIVE,59,39.97,14.99,SALE,FLASH,,,Tee Flash Sale 1.17.25.xlsx,Pricing LY,45728.34178,45728.35932
205596-1001,OP,22S1,,,0,0,0,YES,,59,39.97,14.99,SALE,FLASH,,,Tee Flash Sale 1.17.25.xlsx,Pricing LY,45728.34178,45728.35932
205596-6000,OP,22S1,1/24/2022,44587,196,180,0,YES,LIVE,59,39.97,14.99,SALE,FLASH,,,Tee Flash Sale 1.17.25.xlsx,Pricing LY,45728.34178,45728.35932
205796-6878,OP,22M1,4/20/2022,44688,277,275,0,YES,LIVE,69,39.97,14.99,SALE,FLASH,,,Tee Flash Sale 1.17.25.xlsx,Pricing LY,45728.34178,45728.35932
205807-6878,OP,22M2,6/30/2022,44720,498,486,0,YES,LIVE,69,39.97,14.99,SALE,FLASH,,,Tee Flash Sale 1.17.25.xlsx,Pricing LY,45728.34178,45728.35932
205930-1001,FP,22H1,10/1/2022,0,0,0,0,YES,,69,49.97,14.99,SALE,FLASH,,,Tee Flash Sale 1.17.25.xlsx,Pricing LY,45728.34178,45728.35932
205930-1700,FP,22H1,10/1/2022,44839,28,27,0,YES,LIVE,69,49.97,14.99,SALE,FLASH,,,Tee Flash Sale 1.17.25.xlsx,Pricing LY,45728.34178,45728.35932
205930-6003,FP,22H1,10/1/2022,0,0,0,0,YES,,69,49.97,14.99,SALE,FLASH,,,Tee Flash Sale 1.17.25.xlsx,Pricing LY,45728.34178,45728.35932
205931-1001,FP,22H1,10/5/2022,44849,13,12,0,YES,LIVE,69,49.97,14.99,SALE,FLASH,,,Tee Flash Sale 1.17.25.xlsx,Pricing LY,45728.34178,45728.35932
205931-1501,FP,22H1,10/14/2022,44847,35,32,0,YES,LIVE,69,49.97,14.99,SALE,FLASH,,,Tee Flash Sale 1.17.25.xlsx,Pricing LY,45728.34178,45728.35932
205931-3410,FP,22H1,10/5/2022,0,0,0,0,YES,,69,49.97,14.99,SALE,FLASH,,,Tee Flash Sale 1.17.25.xlsx,Pricing LY,45728.34178,45728.35932
205933-1001,FP,22H1,10/13/2022,44854,76,74,0,YES,LIVE,59,49.97,14.99,SALE,FLASH,,,Tee Flash Sale 1.17.25.xlsx,Pricing LY,45728.34178,45728.35932
205933-1702,FP,22H1,10/13/2022,0,0,0,0,YES,,59,49.97,14.99,SALE,FLASH,,,Tee Flash Sale 1.17.25.xlsx,Pricing LY,45728.34178,45728.35932
205933-4903,FP,22H1,,,0,0,0,YES,,59,49.97,14.99,SALE,FLASH,,,Tee Flash Sale 1.17.25.xlsx,Pricing LY,45728.34178,45728.35932
205933-6003,FP,22H1,10/13/2022,0,0,0,0,YES,,59,49.97,14.99,SALE,FLASH,,,Tee Flash Sale 1.17.25.xlsx,Pricing LY,45728.34178,45728.35932
205934-1001,FP,22H1,11/8/2022,44844,24,18,0,YES,LIVE,69,49.97,14.99,SALE,FLASH,,,Tee Flash Sale 1.17.25.xlsx,Pricing LY,45728.34178,45728.35932
205934-1501,FP,22H1,10/5/2022,0,0,0,0,YES,,69,49.97,14.99,SALE,FLASH,,,Tee Flash Sale 1.17.25.xlsx,Pricing LY,45728.34178,45728.35932
205934-3410,FP,22H1,10/5/2022,0,0,0,0,YES,,69,49.97,14.99,SALE,FLASH,,,Tee Flash Sale 1.17.25.xlsx,Pricing LY,45728.34178,45728.35932
205934-6003,FP,22H1,10/5/2022,44851,1,1,0,YES,LIVE,69,49.97,14.99,SALE,FLASH,,,Tee Flash Sale 1.17.25.xlsx,Pricing LY,45728.34178,45728.35932
205973-1001,FP,22H3,,,0,0,0,YES,,59,49.97,14.99,SALE,FLASH,,,Tee Flash Sale 1.17.25.xlsx,Pricing LY,45728.34178,45728.35932
205973-1700,FP,22H3,11/17/2022,44891,69,68,0,YES,LIVE,59,49.97,14.99,SALE,FLASH,,,Tee Flash Sale 1.17.25.xlsx,Pricing LY,45728.34178,45728.35932
206081-4448,OP,22F2,8/8/2022,0,0,0,0,YES,,59,39.97,14.99,SALE,FLASH,,,Tee Flash Sale 1.17.25.xlsx,Pricing LY,45728.34178,45728.35932
206081-6069,OP,22F2,8/8/2022,44968,23,20,0,YES,LIVE,59,39.97,14.99,SALE,FLASH,,,Tee Flash Sale 1.17.25.xlsx,Pricing LY,45728.34178,45728.35932
206081-7003,OP,22F2,8/6/2022,0,0,0,0,YES,,59,39.97,14.99,SALE,FLASH,,,Tee Flash Sale 1.17.25.xlsx,Pricing LY,45728.34178,45728.35932
206097-1001,OP,22H2,12/15/2022,44971,146,135,0,YES,LIVE,69,49.97,14.99,SALE,FLASH,,,Tee Flash Sale 1.17.25.xlsx,Pricing LY,45728.34178,45728.35932
206103-1001,OP,22H1,4/3/2023,45031,11,8,0,YES,LIVE,59,39.97,14.99,SALE,FLASH,,,Tee Flash Sale 1.17.25.xlsx,Pricing LY,45728.34178,45728.35932
206103-1700,OP,22H1,4/3/2023,45032,312,298,0,YES,LIVE,59,39.97,14.99,SALE,FLASH,,,Tee Flash Sale 1.17.25.xlsx,Pricing LY,45728.34178,45728.35932
206106-1001,OP,22F1,8/18/2022,0,0,0,0,YES,,59,39.97,14.99,SALE,FLASH,,,Tee Flash Sale 1.17.25.xlsx,Pricing LY,45728.34178,45728.35932
206106-1700,OP,22F1,7/8/2022,44769,32,30,0,YES,LIVE,59,39.97,14.99,SALE,FLASH,,,Tee Flash Sale 1.17.25.xlsx,Pricing LY,45728.34178,45728.35932
206258-1001,FP,23S2,1/31/2023,0,0,0,0,YES,,59,39.97,14.99,SALE,FLASH,,,Tee Flash Sale 1.17.25.xlsx,Pricing LY,45728.34178,45728.35932
206258-1501,FP,23S2,2/1/2023,0,0,0,0,YES,,59,39.97,14.99,SALE,FLASH,,,Tee Flash Sale 1.17.25.xlsx,Pricing LY,45728.34178,45728.35932
206258-1700,FP,23S2,1/31/2023,44993,15,12,0,YES,LIVE,59,39.97,14.99,SALE,FLASH,,,Tee Flash Sale 1.17.25.xlsx,Pricing LY,45728.34178,45728.35932
206261-1001,FP,23S1,1/12/2023,44947,1,0,0,YES,,59,39.97,14.99,SALE,FLASH,,,Tee Flash Sale 1.17.25.xlsx,Pricing LY,45728.34178,45728.35932
206261-1501,FP,23S1,1/12/2023,44948,1,0,0,YES,,59,39.97,14.99,SALE,FLASH,,,Tee Flash Sale 1.17.25.xlsx,Pricing LY,45728.34178,45728.35932
206261-8302,FP,23S1,1/12/2023,44975,32,30,0,YES,LIVE,59,39.97,14.99,SALE,FLASH,,,Tee Flash Sale 1.17.25.xlsx,Pricing LY,45728.34178,45728.35932
206296-1001,FP,23S2,1/31/2023,0,0,0,0,YES,,59,39.97,14.99,SALE,FLASH,,,Tee Flash Sale 1.17.25.xlsx,Pricing LY,45728.34178,45728.35932
206296-1700,FP,23S2,1/31/2023,44974,26,26,0,YES,LIVE,59,39.97,14.99,SALE,FLASH,,,Tee Flash Sale 1.17.25.xlsx,Pricing LY,45728.34178,45728.35932
206296-8303,FP,23S2,1/31/2023,0,0,0,0,YES,,59,39.97,14.99,SALE,FLASH,,,Tee Flash Sale 1.17.25.xlsx,Pricing LY,45728.34178,45728.35932
206299-1001,FP,23S2,1/26/2023,44966,0,0,0,YES,,59,39.97,14.99,SALE,FLASH,,,Tee Flash Sale 1.17.25.xlsx,Pricing LY,45728.34178,45728.35932
206299-1700,FP,23S2,1/26/2023,44966,17,11,0,YES,LIVE,59,39.97,14.99,SALE,FLASH,,,Tee Flash Sale 1.17.25.xlsx,Pricing LY,45728.34178,45728.35932
206299-8303,FP,23S2,1/26/2023,0,0,0,0,YES,,59,39.97,14.99,SALE,FLASH,,,Tee Flash Sale 1.17.25.xlsx,Pricing LY,45728.34178,45728.35932
206319-1001,FP,23S3,3/22/2023,0,0,0,0,YES,,59,39.97,14.99,SALE,FLASH,,,Tee Flash Sale 1.17.25.xlsx,Pricing LY,45728.34178,45728.35932
206319-1700,FP,23S3,3/22/2023,45016,156,151,0,YES,LIVE,59,39.97,14.99,SALE,FLASH,,,Tee Flash Sale 1.17.25.xlsx,Pricing LY,45728.34178,45728.35932
206319-8303,FP,23S3,3/22/2023,0,0,0,0,YES,,59,39.97,14.99,SALE,FLASH,,,Tee Flash Sale 1.17.25.xlsx,Pricing LY,45728.34178,45728.35932
206335-1001,OP,22H1,11/8/2022,44889,14,12,0,YES,LIVE,59,49.97,14.99,SALE,FLASH,,,Tee Flash Sale 1.17.25.xlsx,Pricing LY,45728.34178,45728.35932
206335-1700,OP,22H1,11/8/2022,0,0,0,0,YES,,59,49.97,14.99,SALE,FLASH,,,Tee Flash Sale 1.17.25.xlsx,Pricing LY,45728.34178,45728.35932
206335-6000,OP,22H1,10/4/2022,44889,100,97,0,YES,LIVE,59,49.97,14.99,SALE,FLASH,,,Tee Flash Sale 1.17.25.xlsx,Pricing LY,45728.34178,45728.35932
206336-1001,OP,22H1,11/2/2022,0,0,0,0,YES,,59,49.97,14.99,SALE,FLASH,,,Tee Flash Sale 1.17.25.xlsx,Pricing LY,45728.34178,45728.35932
206336-1214,OP,22H1,,,0,0,0,YES,,59,49.97,14.99,SALE,FLASH,,,Tee Flash Sale 1.17.25.xlsx,Pricing LY,45728.34178,45728.35932
206336-1700,OP,22H1,10/4/2022,44893,11,10,0,YES,LIVE,59,49.97,14.99,SALE,FLASH,,,Tee Flash Sale 1.17.25.xlsx,Pricing LY,45728.34178,45728.35932
206336-5060,OP,22H1,,,0,0,0,YES,,59,49.97,14.99,SALE,FLASH,,,Tee Flash Sale 1.17.25.xlsx,Pricing LY,45728.34178,45728.35932
206384-1001,OP,22H1,,,0,0,0,YES,,59,39.97,14.99,SALE,FLASH,,,Tee Flash Sale 1.17.25.xlsx,Pricing LY,45728.34178,45728.35932
206384-1211,OP,22H1,,,0,0,0,YES,,59,39.97,14.99,SALE,FLASH,,,Tee Flash Sale 1.17.25.xlsx,Pricing LY,45728.34178,45728.35932
206384-1700,OP,22H1,5/2/2023,45053,492,482,0,YES,LIVE,59,39.97,14.99,SALE,FLASH,,,Tee Flash Sale 1.17.25.xlsx,Pricing LY,45728.34178,45728.35932
206384-4189,OP,22H1,4/25/2023,45046,284,262,0,YES,LIVE,59,39.97,14.99,SALE,FLASH,,,Tee Flash Sale 1.17.25.xlsx,Pricing LY,45728.34178,45728.35932
206384-4448,OP,22H1,,,0,0,0,YES,,59,39.97,14.99,SALE,FLASH,,,Tee Flash Sale 1.17.25.xlsx,Pricing LY,45728.34178,45728.35932
206384-9808,OP,22H1,4/25/2023,45058,494,491,0,YES,LIVE,59,39.97,14.99,SALE,FLASH,,,Tee Flash Sale 1.17.25.xlsx,Pricing LY,45728.34178,45728.35932
206489-1001,FP,23M1,3/29/2023,45022,63,54,0,YES,LIVE,59,39.97,14.99,SALE,FLASH,,,Tee Flash Sale 1.17.25.xlsx,Pricing LY,45728.34178,45728.35932
206489-1602,FP,23M1,3/30/2023,0,0,0,0,YES,,59,39.97,14.99,SALE,FLASH,,,Tee Flash Sale 1.17.25.xlsx,Pricing LY,45728.34178,45728.35932
206489-1700,FP,23M1,3/30/2023,45033,164,141,0,YES,LIVE,59,39.97,14.99,SALE,FLASH,,,Tee Flash Sale 1.17.25.xlsx,Pricing LY,45728.34178,45728.35932
206493-1700,FP,23M1,3/22/2023,45016,71,62,0,YES,LIVE,59,39.97,14.99,SALE,FLASH,,,Tee Flash Sale 1.17.25.xlsx,Pricing LY,45728.34178,45728.35932
206505-1001,FP,23M2,4/21/2023,45042,17,8,0,YES,LIVE,59,39.97,14.99,SALE,FLASH,,,Tee Flash Sale 1.17.25.xlsx,Pricing LY,45728.34178,45728.35932
206507-1001,FP,23M2,4/25/2023,45047,420,386,0,YES,LIVE,59,39.97,14.99,SALE,FLASH,,,Tee Flash Sale 1.17.25.xlsx,Pricing LY,45728.34178,45728.35932
206507-1700,FP,23M2,5/2/2023,45049,143,123,0,YES,LIVE,59,39.97,14.99,SALE,FLASH,,,Tee Flash Sale 1.17.25.xlsx,Pricing LY,45728.34178,45728.35932
206507-6510,FP,23M2,5/2/2023,45051,183,247,0,YES,LIVE,59,39.97,14.99,SALE,FLASH,,,Tee Flash Sale 1.17.25.xlsx,Pricing LY,45728.34178,45728.35932
206508-1001,FP,23M1,3/28/2023,45046,9,4,0,YES,LIVE,59,39.97,14.99,SALE,FLASH,,,Tee Flash Sale 1.17.25.xlsx,Pricing LY,45728.34178,45728.35932
206508-1501,FP,23M1,3/28/2023,45022,10,1,0,YES,LIVE,59,39.97,14.99,SALE,FLASH,,,Tee Flash Sale 1.17.25.xlsx,Pricing LY,45728.34178,45728.35932
206508-1700,FP,23M1,4/4/2023,0,0,0,0,YES,,59,39.97,14.99,SALE,FLASH,,,Tee Flash Sale 1.17.25.xlsx,Pricing LY,45728.34178,45728.35932
206508-6510,FP,23M1,3/28/2023,45029,43,20,0,YES,LIVE,59,39.97,14.99,SALE,FLASH,,,Tee Flash Sale 1.17.25.xlsx,Pricing LY,45728.34178,45728.35932
206509-1001,FP,23M2,4/28/2023,45066,456,436,0,YES,LIVE,59,39.97,14.99,SALE,FLASH,,,Tee Flash Sale 1.17.25.xlsx,Pricing LY,45728.34178,45728.35932
206509-1700,FP,23M2,5/8/2023,45050,337,326,0,YES,LIVE,59,39.97,14.99,SALE,FLASH,,,Tee Flash Sale 1.17.25.xlsx,Pricing LY,45728.34178,45728.35932
206519-1001,FP,23M3,5/24/2023,45078,136,105,0,YES,LIVE,59,39.97,14.99,SALE,FLASH,,,Tee Flash Sale 1.17.25.xlsx,Pricing LY,45728.34178,45728.35932
206519-1700,FP,23M3,6/1/2023,45078,435,400,0,YES,LIVE,59,39.97,14.99,SALE,FLASH,,,Tee Flash Sale 1.17.25.xlsx,Pricing LY,45728.34178,45728.35932
206520-1001,FP,23M3,6/12/2023,45103,461,418,0,YES,LIVE,59,39.97,14.99,SALE,FLASH,,,Tee Flash Sale 1.17.25.xlsx,Pricing LY,45728.34178,45728.35932
206520-1607,FP,23M3,6/12/2023,45096,0,2,0,YES,LIVE,59,39.97,14.99,SALE,FLASH,,,Tee Flash Sale 1.17.25.xlsx,Pricing LY,45728.34178,45728.35932
206520-1700,FP,23M3,6/12/2023,45099,152,132,0,YES,LIVE,59,39.97,14.99,SALE,FLASH,,,Tee Flash Sale 1.17.25.xlsx,Pricing LY,45728.34178,45728.35932
206521-1001,FP,23M2,5/2/2023,45066,550,503,0,YES,LIVE,59,39.97,14.99,SALE,FLASH,,,Tee Flash Sale 1.17.25.xlsx,Pricing LY,45728.34178,45728.35932
206521-1700,FP,23M2,5/2/2023,45066,604,595,0,YES,LIVE,59,39.97,14.99,SALE,FLASH,,,Tee Flash Sale 1.17.25.xlsx,Pricing LY,45728.34178,45728.35932
206522-1001,FP,23M3,6/1/2023,45086,43,34,0,YES,LIVE,59,49.97,14.99,SALE,FLASH,,,Tee Flash Sale 1.17.25.xlsx,Pricing LY,45728.34178,45728.35932
206522-1607,FP,23M3,6/1/2023,45085,35,20,0,YES,LIVE,59,49.97,14.99,SALE,FLASH,,,Tee Flash Sale 1.17.25.xlsx,Pricing LY,45728.34178,45728.35932
206522-1700,FP,23M3,6/29/2023,45086,299,276,0,YES,LIVE,59,49.97,14.99,SALE,FLASH,,,Tee Flash Sale 1.17.25.xlsx,Pricing LY,45728.34178,45728.35932
206522-2504,FP,23M3,6/1/2023,45090,17,11,0,YES,LIVE,59,49.97,14.99,SALE,FLASH,,,Tee Flash Sale 1.17.25.xlsx,Pricing LY,45728.34178,45728.35932
206523-1001,FP,23M3,6/9/2023,45086,184,174,174,YES,LIVE,69,49.97,14.99,SALE,FLASH,,,Tee Flash Sale 1.17.25.xlsx,Pricing LY,45728.34178,45728.35932
206535-1001,FP,23M1,4/5/2023,45041,270,250,0,YES,LIVE,59,39.97,14.99,SALE,FLASH,,,Tee Flash Sale 1.17.25.xlsx,Pricing LY,45728.34178,45728.35932
206535-1602,FP,23M1,3/30/2023,45028,85,60,0,YES,LIVE,59,39.97,14.99,SALE,FLASH,,,Tee Flash Sale 1.17.25.xlsx,Pricing LY,45728.34178,45728.35932
206535-1700,FP,23M1,3/30/2023,45055,70,60,0,YES,LIVE,59,39.97,14.99,SALE,FLASH,,,Tee Flash Sale 1.17.25.xlsx,Pricing LY,45728.34178,45728.35932
206537-1001,FP,23M2,4/24/2023,45046,442,285,0,YES,LIVE,59,39.97,14.99,SALE,FLASH,,,Tee Flash Sale 1.17.25.xlsx,Pricing LY,45728.34178,45728.35932
206537-1700,FP,23M2,4/24/2023,45054,882,826,0,YES,LIVE,59,39.97,14.99,SALE,FLASH,,,Tee Flash Sale 1.17.25.xlsx,Pricing LY,45728.34178,45728.35932
206537-6610,FP,23M2,4/24/2023,45046,1,0,0,YES,,59,39.97,14.99,SALE,FLASH,,,Tee Flash Sale 1.17.25.xlsx,Pricing LY,45728.34178,45728.35932
206544-1001,FP,23M3,5/8/2023,45065,14,11,0,YES,LIVE,59,49.97,14.99,SALE,FLASH,,,Tee Flash Sale 1.17.25.xlsx,Pricing LY,45728.34178,45728.35932
206544-2504,FP,23M3,5/8/2023,45064,145,127,0,YES,LIVE,59,49.97,14.99,SALE,FLASH,,,Tee Flash Sale 1.17.25.xlsx,Pricing LY,45728.34178,45728.35932
206600-1001,OP,23S2,3/23/2023,0,0,0,0,YES,,59,39.97,14.99,SALE,FLASH,,,Tee Flash Sale 1.17.25.xlsx,Pricing LY,45728.34178,45728.35932
206600-1700,OP,23S2,3/23/2023,44974,42,41,0,YES,LIVE,59,39.97,14.99,SALE,FLASH,,,Tee Flash Sale 1.17.25.xlsx,Pricing LY,45728.34178,45728.35932
206600-4258,OP,23S2,2/4/2023,44971,1,0,0,YES,,59,39.97,14.99,SALE,FLASH,,,Tee Flash Sale 1.17.25.xlsx,Pricing LY,45728.34178,45728.35932
206600-5208,OP,23S2,3/23/2023,44973,39,34,0,YES,LIVE,59,39.97,14.99,SALE,FLASH,,,Tee Flash Sale 1.17.25.xlsx,Pricing LY,45728.34178,45728.35932
206603-1001,OP,23S1,4/10/2023,45041,90,67,0,YES,LIVE,59,39.97,14.99,SALE,FLASH,,,Tee Flash Sale 1.17.25.xlsx,Pricing LY,45728.34178,45728.35932
206603-1537,OP,23S1,,,0,0,0,YES,,59,39.97,14.99,SALE,FLASH,,,Tee Flash Sale 1.17.25.xlsx,Pricing LY,45728.34178,45728.35932
206603-1700,OP,23S1,4/10/2023,45043,303,270,0,YES,LIVE,59,39.97,14.99,SALE,FLASH,,,Tee Flash Sale 1.17.25.xlsx,Pricing LY,45728.34178,45728.35932
206603-4258,OP,23S1,4/10/2023,45041,14,12,0,YES,LIVE,59,39.97,14.99,SALE,FLASH,,,Tee Flash Sale 1.17.25.xlsx,Pricing LY,45728.34178,45728.35932
206603-6506,OP,23S1,4/10/2023,45041,37,30,0,YES,LIVE,59,39.97,14.99,SALE,FLASH,,,Tee Flash Sale 1.17.25.xlsx,Pricing LY,45728.34178,45728.35932
206606-1001,OP,23S1,3/29/2023,44982,0,0,0,YES,,59,39.97,14.99,SALE,FLASH,,,Tee Flash Sale 1.17.25.xlsx,Pricing LY,45728.34178,45728.35932
206606-1700,OP,23S1,3/28/2023,44959,141,135,0,YES,LIVE,59,39.97,14.99,SALE,FLASH,,,Tee Flash Sale 1.17.25.xlsx,Pricing LY,45728.34178,45728.35932
206606-4189,OP,23S1,1/23/2023,44962,-2,0,0,YES,,59,39.97,14.99,SALE,FLASH,,,Tee Flash Sale 1.17.25.xlsx,Pricing LY,45728.34178,45728.35932
206606-6506,OP,23S1,3/22/2023,44974,23,22,0,YES,LIVE,59,39.97,14.99,SALE,FLASH,,,Tee Flash Sale 1.17.25.xlsx,Pricing LY,45728.34178,45728.35932
206609-1001,OP,23S1,1/24/2023,44973,0,0,0,YES,,59,39.97,14.99,SALE,FLASH,,,Tee Flash Sale 1.17.25.xlsx,Pricing LY,45728.34178,45728.35932
206609-1700,OP,23S1,1/23/2023,44959,150,125,0,YES,LIVE,59,39.97,14.99,SALE,FLASH,,,Tee Flash Sale 1.17.25.xlsx,Pricing LY,45728.34178,45728.35932
206609-5208,OP,23S1,1/24/2023,44960,134,116,0,YES,LIVE,59,39.97,14.99,SALE,FLASH,,,Tee Flash Sale 1.17.25.xlsx,Pricing LY,45728.34178,45728.35932
206609-6506,OP,23S1,1/31/2023,44968,181,164,0,YES,LIVE,59,39.97,14.99,SALE,FLASH,,,Tee Flash Sale 1.17.25.xlsx,Pricing LY,45728.34178,45728.35932
206611-1001,OP,23S1,6/2/2023,44972,79,49,0,YES,LIVE,59,39.97,14.99,SALE,FLASH,,,Tee Flash Sale 1.17.25.xlsx,Pricing LY,45728.34178,45728.35932
206611-1700,OP,23S1,6/2/2023,44963,209,196,0,YES,LIVE,59,39.97,14.99,SALE,FLASH,,,Tee Flash Sale 1.17.25.xlsx,Pricing LY,45728.34178,45728.35932
206611-4189,OP,23S1,1/23/2023,44958,111,62,0,YES,LIVE,59,39.97,14.99,SALE,FLASH,,,Tee Flash Sale 1.17.25.xlsx,Pricing LY,45728.34178,45728.35932
206613-1001,OP,23S2,2/4/2023,44972,8,5,0,YES,LIVE,59,39.97,14.99,SALE,FLASH,,,Tee Flash Sale 1.17.25.xlsx,Pricing LY,45728.34178,45728.35932
206613-1700,OP,23S2,7/7/2023,44974,188,181,0,YES,LIVE,59,39.97,14.99,SALE,FLASH,,,Tee Flash Sale 1.17.25.xlsx,Pricing LY,45728.34178,45728.35932
206613-4189,OP,23S2,2/4/2023,44988,16,14,0,YES,LIVE,59,39.97,14.99,SALE,FLASH,,,Tee Flash Sale 1.17.25.xlsx,Pricing LY,45728.34178,45728.35932
206613-6506,OP,23S2,2/4/2023,44997,44,34,0,YES,LIVE,59,39.97,14.99,SALE,FLASH,,,Tee Flash Sale 1.17.25.xlsx,Pricing LY,45728.34178,45728.35932
206617-1501,OP,23S1,4/25/2023,45054,130,52,0,YES,LIVE,59,39.97,14.99,SALE,FLASH,,,Tee Flash Sale 1.17.25.xlsx,Pricing LY,45728.34178,45728.35932
206617-1700,OP,23S1,4/25/2023,45061,852,763,0,YES,LIVE,59,39.97,14.99,SALE,FLASH,,,Tee Flash Sale 1.17.25.xlsx,Pricing LY,45728.34178,45728.35932
206617-4189,OP,23S1,4/25/2023,45054,395,281,0,YES,LIVE,59,39.97,14.99,SALE,FLASH,,,Tee Flash Sale 1.17.25.xlsx,Pricing LY,45728.34178,45728.35932
206617-6506,OP,23S1,4/25/2023,45050,175,84,0,YES,LIVE,59,39.97,14.99,SALE,FLASH,,,Tee Flash Sale 1.17.25.xlsx,Pricing LY,45728.34178,45728.35932
206618-1001,OP,23S2,1/24/2023,0,0,0,0,YES,,59,39.97,14.99,SALE,FLASH,,,Tee Flash Sale 1.17.25.xlsx,Pricing LY,45728.34178,45728.35932
206618-1700,OP,23S2,1/24/2023,44976,175,148,0,YES,LIVE,59,39.97,14.99,SALE,FLASH,,,Tee Flash Sale 1.17.25.xlsx,Pricing LY,45728.34178,45728.35932
206618-4189,OP,23S2,1/23/2023,44974,78,58,0,YES,LIVE,59,39.97,14.99,SALE,FLASH,,,Tee Flash Sale 1.17.25.xlsx,Pricing LY,45728.34178,45728.35932
206618-6506,OP,23S2,1/24/2023,44972,156,139,0,YES,LIVE,59,39.97,14.99,SALE,FLASH,,,Tee Flash Sale 1.17.25.xlsx,Pricing LY,45728.34178,45728.35932
206693-1001,FP,23M1,3/31/2023,45049,397,343,0,YES,LIVE,59,39.97,14.99,SALE,FLASH,,,Tee Flash Sale 1.17.25.xlsx,Pricing LY,45728.34178,45728.35932
206693-1700,FP,23M1,3/31/2023,45056,233,199,0,YES,LIVE,59,39.97,14.99,SALE,FLASH,,,Tee Flash Sale 1.17.25.xlsx,Pricing LY,45728.34178,45728.35932
206722-1001,OP,23M1,5/3/2023,45066,874,865,0,YES,LIVE,59,39.97,14.99,SALE,FLASH,,,Tee Flash Sale 1.17.25.xlsx,Pricing LY,45728.34178,45728.35932
206722-1700,OP,23M1,5/3/2023,45064,747,738,0,YES,LIVE,59,39.97,14.99,SALE,FLASH,,,Tee Flash Sale 1.17.25.xlsx,Pricing LY,45728.34178,45728.35932
206726-1001,OP,23M1,4/26/2023,45049,778,726,0,YES,LIVE,59,39.97,14.99,SALE,FLASH,,,Tee Flash Sale 1.17.25.xlsx,Pricing LY,45728.34178,45728.35932
206726-4739,OP,23M1,4/26/2023,45050,394,343,0,YES,LIVE,59,39.97,14.99,SALE,FLASH,,,Tee Flash Sale 1.17.25.xlsx,Pricing LY,45728.34178,45728.35932
206728-1001,OP,23M1,6/2/2023,45085,709,655,0,YES,LIVE,59,39.97,14.99,SALE,FLASH,,,Tee Flash Sale 1.17.25.xlsx,Pricing LY,45728.34178,45728.35932
206728-1700,OP,23M1,6/2/2023,45086,1037,999,0,YES,LIVE,59,39.97,14.99,SALE,FLASH,,,Tee Flash Sale 1.17.25.xlsx,Pricing LY,45728.34178,45728.35932
206728-4739,OP,23M1,6/2/2023,45086,392,344,0,YES,LIVE,59,39.97,14.99,SALE,FLASH,,,Tee Flash Sale 1.17.25.xlsx,Pricing LY,45728.34178,45728.35932
206728-9808,OP,23M1,6/2/2023,45086,472,428,0,YES,LIVE,59,39.97,14.99,SALE,FLASH,,,Tee Flash Sale 1.17.25.xlsx,Pricing LY,45728.34178,45728.35932
206732-1700,OP,23M1,5/2/2023,45045,358,296,0,YES,LIVE,59,49.97,14.99,SALE,FLASH,,,Tee Flash Sale 1.17.25.xlsx,Pricing LY,45728.34178,45728.35932
206732-7326,OP,23M1,4/26/2023,45047,18,11,0,YES,LIVE,59,49.97,14.99,SALE,FLASH,,,Tee Flash Sale 1.17.25.xlsx,Pricing LY,45728.34178,45728.35932
206732-9807,OP,23M1,4/26/2023,45057,782,750,0,YES,LIVE,59,49.97,14.99,SALE,FLASH,,,Tee Flash Sale 1.17.25.xlsx,Pricing LY,45728.34178,45728.35932
206773-7101,FP,23M2,4/21/2023,45042,51,49,0,YES,LIVE,59,49.97,14.99,SALE,FLASH,,,Tee Flash Sale 1.17.25.xlsx,Pricing LY,45728.34178,45728.35932
206879-1601,FP,23M2,4/25/2023,0,0,0,0,YES,,59,49.97,14.99,SALE,FLASH,,,Tee Flash Sale 1.17.25.xlsx,Pricing LY,45728.34178,45728.35932
206879-1700,FP,23M2,5/3/2023,45057,1,0,0,YES,,59,49.97,14.99,SALE,FLASH,,,Tee Flash Sale 1.17.25.xlsx,Pricing LY,45728.34178,45728.35932
206935-1001,FP,23S3,3/22/2023,45019,484,409,0,YES,LIVE,59,39.97,14.99,SALE,FLASH,,,Tee Flash Sale 1.17.25.xlsx,Pricing LY,45728.34178,45728.35932
206935-1700,FP,23S3,3/22/2023,45015,88,67,0,YES,LIVE,59,39.97,14.99,SALE,FLASH,,,Tee Flash Sale 1.17.25.xlsx,Pricing LY,45728.34178,45728.35932
206935-8302,FP,23S3,3/22/2023,45017,234,183,0,YES,LIVE,59,39.97,14.99,SALE,FLASH,,,Tee Flash Sale 1.17.25.xlsx,Pricing LY,45728.34178,45728.35932
206936-1001,FP,23S1,1/10/2023,44962,244,220,0,YES,LIVE,59,39.97,14.99,SALE,FLASH,,,Tee Flash Sale 1.17.25.xlsx,Pricing LY,45728.34178,45728.35932
206936-1700,FP,23S1,1/11/2023,44959,59,32,0,YES,LIVE,59,39.97,14.99,SALE,FLASH,,,Tee Flash Sale 1.17.25.xlsx,Pricing LY,45728.34178,45728.35932
206937-1001,FP,23S3,3/10/2023,45019,2,0,0,YES,,59,39.97,14.99,SALE,FLASH,,,Tee Flash Sale 1.17.25.xlsx,Pricing LY,45728.34178,45728.35932
206937-1700,FP,23S3,3/10/2023,45005,227,211,0,YES,LIVE,59,39.97,14.99,SALE,FLASH,,,Tee Flash Sale 1.17.25.xlsx,Pricing LY,45728.34178,45728.35932
206937-5157,FP,23S3,3/10/2023,45003,9,0,0,YES,,59,39.97,14.99,SALE,FLASH,,,Tee Flash Sale 1.17.25.xlsx,Pricing LY,45728.34178,45728.35932
207089-1001,OP,23M1,,,0,0,0,YES,,59,49.97,14.99,SALE,FLASH,,,Tee Flash Sale 1.17.25.xlsx,Pricing LY,45728.34178,45728.35932
207089-1700,OP,23M1,4/27/2023,45101,-1,1535,0,YES,LIVE,59,49.97,14.99,SALE,FLASH,,,Tee Flash Sale 1.17.25.xlsx,Pricing LY,45728.34178,45728.35932
207092-1700,OP,23M1,3/22/2023,45039,732,735,0,YES,LIVE,59,49.97,14.99,SALE,FLASH,,,Tee Flash Sale 1.17.25.xlsx,Pricing LY,45728.34178,45728.35932
207092-4189,OP,23M1,3/22/2023,45066,472,457,0,YES,LIVE,59,49.97,14.99,SALE,FLASH,,,Tee Flash Sale 1.17.25.xlsx,Pricing LY,45728.34178,45728.35932
207092-7326,OP,23M1,3/22/2023,45029,370,359,0,YES,LIVE,59,49.97,14.99,SALE,FLASH,,,Tee Flash Sale 1.17.25.xlsx,Pricing LY,45728.34178,45728.35932
207123-1001,OP,23S1,4/1/2023,44992,8,3,0,YES,LIVE,59,49.97,14.99,SALE,FLASH,,,Tee Flash Sale 1.17.25.xlsx,Pricing LY,45728.34178,45728.35932
207123-1700,OP,23S1,8/22/2023,44979,87,81,0,YES,LIVE,59,49.97,14.99,SALE,FLASH,,,Tee Flash Sale 1.17.25.xlsx,Pricing LY,45728.34178,45728.35932
207123-6000,OP,23S1,2/4/2023,44981,36,35,0,YES,LIVE,59,49.97,14.99,SALE,FLASH,,,Tee Flash Sale 1.17.25.xlsx,Pricing LY,45728.34178,45728.35932
207123-6506,OP,23M1,7/5/2023,45062,-4,0,0,YES,,59,49.97,14.99,SALE,FLASH,,,Tee Flash Sale 1.17.25.xlsx,Pricing LY,45728.34178,45728.35932
207123-7014,OP,23F1,,,0,0,0,YES,,59,49.97,14.99,SALE,FLASH,,,Tee Flash Sale 1.17.25.xlsx,Pricing LY,45728.34178,45728.35932
207124-1001,OP,23S1,1/31/2023,45006,377,374,0,YES,LIVE,59,59,14.99,REG,FLASH,,,Tee Flash Sale 1.17.25.xlsx,Pricing LY,45728.34178,45728.35932
207124-3539,OP,23S1,1/31/2023,44980,332,329,0,YES,LIVE,59,59,14.99,REG,FLASH,,,Tee Flash Sale 1.17.25.xlsx,Pricing LY,45728.34178,45728.35932
207124-9808,OP,23S1,1/31/2023,44993,574,567,0,YES,LIVE,59,59,14.99,REG,FLASH,,,Tee Flash Sale 1.17.25.xlsx,Pricing LY,45728.34178,45728.35932
207155-1001,OP,23F1,7/25/2023,45142,85,62,0,YES,LIVE,59,49.97,14.99,SALE,FLASH,,,Tee Flash Sale 1.17.25.xlsx,Pricing LY,45728.34178,45728.35932
207155-1700,OP,23F1,,,0,0,0,YES,,59,49.97,14.99,SALE,FLASH,,,Tee Flash Sale 1.17.25.xlsx,Pricing LY,45728.34178,45728.35932
207155-3002,OP,23F1,7/15/2023,45126,15,13,0,YES,LIVE,59,49.97,14.99,SALE,FLASH,,,Tee Flash Sale 1.17.25.xlsx,Pricing LY,45728.34178,45728.35932
207155-6003,OP,23F1,7/15/2023,45128,6,1,0,YES,LIVE,59,49.97,14.99,SALE,FLASH,,,Tee Flash Sale 1.17.25.xlsx,Pricing LY,45728.34178,45728.35932
207155-7014,OP,23F1,,,0,0,0,YES,,59,49.97,14.99,SALE,FLASH,,,Tee Flash Sale 1.17.25.xlsx,Pricing LY,45728.34178,45728.35932
207156-1001,OP,23F2,7/14/2023,45170,0,1134,0,YES,LIVE,59,49.97,14.99,SALE,FLASH,,,Tee Flash Sale 1.17.25.xlsx,Pricing LY,45728.34178,45728.35932
207158-1501,OP,23F2,7/27/2023,45159,0,1199,0,YES,LIVE,59,49.97,14.99,SALE,FLASH,,,Tee Flash Sale 1.17.25.xlsx,Pricing LY,45728.34178,45728.35932
207158-6003,OP,23F2,7/27/2023,45171,-1,1191,0,YES,LIVE,59,49.97,14.99,SALE,FLASH,,,Tee Flash Sale 1.17.25.xlsx,Pricing LY,45728.34178,45728.35932
207161-1001,OP,23F1,7/15/2023,45132,13,1,0,YES,LIVE,59,49.97,14.99,SALE,FLASH,,,Tee Flash Sale 1.17.25.xlsx,Pricing LY,45728.34178,45728.35932
207161-1700,OP,23F1,7/15/2023,45202,82,54,0,YES,LIVE,59,49.97,14.99,SALE,FLASH,,,Tee Flash Sale 1.17.25.xlsx,Pricing LY,45728.34178,45728.35932
207161-4189,OP,23F1,7/15/2023,45152,6,1,0,YES,LIVE,59,49.97,14.99,SALE,FLASH,,,Tee Flash Sale 1.17.25.xlsx,Pricing LY,45728.34178,45728.35932
207172-1001,OP,23F2,7/20/2023,45159,47,38,0,YES,LIVE,59,49.97,14.99,SALE,FLASH,,,Tee Flash Sale 1.17.25.xlsx,Pricing LY,45728.34178,45728.35932
207172-1700,OP,23F2,7/20/2023,45140,41,35,0,YES,LIVE,59,49.97,14.99,SALE,FLASH,,,Tee Flash Sale 1.17.25.xlsx,Pricing LY,45728.34178,45728.35932
207173-1700,OP,23F2,7/20/2023,45134,396,370,0,YES,LIVE,59,49.97,14.99,SALE,FLASH,,,Tee Flash Sale 1.17.25.xlsx,Pricing LY,45728.34178,45728.35932
207173-3002,OP,23F2,7/20/2023,45160,294,245,0,YES,LIVE,59,49.97,14.99,SALE,FLASH,,,Tee Flash Sale 1.17.25.xlsx,Pricing LY,45728.34178,45728.35932
207173-6000,OP,23F2,7/20/2023,45149,312,261,0,YES,LIVE,59,49.97,14.99,SALE,FLASH,,,Tee Flash Sale 1.17.25.xlsx,Pricing LY,45728.34178,45728.35932
207179-1001,OP,23F3,8/22/2023,45169,0,0,0,YES,,59,49.97,14.99,SALE,FLASH,,,Tee Flash Sale 1.17.25.xlsx,Pricing LY,45728.34178,45728.35932
207179-1700,OP,23F3,8/22/2023,45171,28,22,0,YES,LIVE,59,49.97,14.99,SALE,FLASH,,,Tee Flash Sale 1.17.25.xlsx,Pricing LY,45728.34178,45728.35932
207179-6000,OP,23F3,8/22/2023,45170,1,0,0,YES,,59,49.97,14.99,SALE,FLASH,,,Tee Flash Sale 1.17.25.xlsx,Pricing LY,45728.34178,45728.35932
207180-1001,OP,23F2,8/11/2023,45136,1,0,0,YES,,59,49.97,14.99,SALE,FLASH,,,Tee Flash Sale 1.17.25.xlsx,Pricing LY,45728.34178,45728.35932
207180-1501,OP,23F2,7/20/2023,45145,11,8,0,YES,LIVE,59,49.97,14.99,SALE,FLASH,,,Tee Flash Sale 1.17.25.xlsx,Pricing LY,45728.34178,45728.35932
207180-1700,OP,23F2,8/11/2023,45139,5,0,0,YES,,59,49.97,14.99,SALE,FLASH,,,Tee Flash Sale 1.17.25.xlsx,Pricing LY,45728.34178,45728.35932
207180-7014,OP,23F2,,,0,0,0,YES,,59,49.97,14.99,SALE,FLASH,,,Tee Flash Sale 1.17.25.xlsx,Pricing LY,45728.34178,45728.35932
207183-1001,OP,23F3,8/21/2023,45170,15,9,0,YES,LIVE,59,49.97,14.99,SALE,FLASH,,,Tee Flash Sale 1.17.25.xlsx,Pricing LY,45728.34178,45728.35932
207183-1700,OP,23F3,8/22/2023,45169,92,71,0,YES,LIVE,59,49.97,14.99,SALE,FLASH,,,Tee Flash Sale 1.17.25.xlsx,Pricing LY,45728.34178,45728.35932
207183-6003,OP,23F3,8/22/2023,45170,-32,11,0,YES,LIVE,59,49.97,14.99,SALE,FLASH,,,Tee Flash Sale 1.17.25.xlsx,Pricing LY,45728.34178,45728.35932
207185-1700,OP,23F2,7/20/2023,45133,20,16,0,YES,LIVE,59,49.97,14.99,SALE,FLASH,,,Tee Flash Sale 1.17.25.xlsx,Pricing LY,45728.34178,45728.35932
207185-4189,OP,23F2,,,0,0,0,YES,,59,49.97,14.99,SALE,FLASH,,,Tee Flash Sale 1.17.25.xlsx,Pricing LY,45728.34178,45728.35932
207186-1700,OP,23F1,6/24/2023,45186,0,0,0,YES,,59,49.97,14.99,SALE,FLASH,,,Tee Flash Sale 1.17.25.xlsx,Pricing LY,45728.34178,45728.35932
207186-6506,OP,23F1,,,0,4,0,YES,LIVE,59,49.97,14.99,SALE,FLASH,,,Tee Flash Sale 1.17.25.xlsx,Pricing LY,45728.34178,45728.35932
207342-1001,OP,23H1,10/3/2023,45253,257,239,0,YES,LIVE,59,49.97,14.99,SALE,FLASH,,,Tee Flash Sale 1.17.25.xlsx,Pricing LY,45728.34178,45728.35932
207342-1501,OP,23H1,10/4/2023,45254,831,828,0,YES,LIVE,59,49.97,14.99,SALE,FLASH,,,Tee Flash Sale 1.17.25.xlsx,Pricing LY,45728.34178,45728.35932
207342-1700,OP,23H1,10/7/2023,45253,870,840,0,YES,LIVE,59,49.97,14.99,SALE,FLASH,,,Tee Flash Sale 1.17.25.xlsx,Pricing LY,45728.34178,45728.35932
207342-5205,OP,23H1,10/4/2023,45253,587,576,0,YES,LIVE,59,49.97,14.99,SALE,FLASH,,,Tee Flash Sale 1.17.25.xlsx,Pricing LY,45728.34178,45728.35932
207343-1001,OP,23H1,10/31/2023,45257,45,67,0,YES,LIVE,59,49.97,14.99,SALE,FLASH,,,Tee Flash Sale 1.17.25.xlsx,Pricing LY,45728.34178,45728.35932
207343-1501,OP,23H1,10/31/2023,45257,597,590,0,YES,LIVE,59,49.97,14.99,SALE,FLASH,,,Tee Flash Sale 1.17.25.xlsx,Pricing LY,45728.34178,45728.35932
207343-1700,OP,23H1,12/8/2023,45261,544,520,0,YES,LIVE,59,49.97,14.99,SALE,FLASH,,,Tee Flash Sale 1.17.25.xlsx,Pricing LY,45728.34178,45728.35932
207343-6602,OP,23H1,11/1/2023,45257,12,0,0,YES,,59,49.97,14.99,SALE,FLASH,,,Tee Flash Sale 1.17.25.xlsx,Pricing LY,45728.34178,45728.35932
207346-1001,OP,23H1,9/23/2023,45204,4,0,0,YES,,59,49.97,14.99,SALE,FLASH,,,Tee Flash Sale 1.17.25.xlsx,Pricing LY,45728.34178,45728.35932
207346-1700,OP,23H1,9/22/2023,45204,60,47,0,YES,LIVE,59,49.97,14.99,SALE,FLASH,,,Tee Flash Sale 1.17.25.xlsx,Pricing LY,45728.34178,45728.35932
207346-6000,OP,23H1,9/22/2023,45219,0,0,0,YES,,59,49.97,14.99,SALE,FLASH,,,Tee Flash Sale 1.17.25.xlsx,Pricing LY,45728.34178,45728.35932
207349-1001,OP,23H1,9/25/2023,45196,-19,316,0,YES,LIVE,59,49.97,14.99,SALE,FLASH,,,Tee Flash Sale 1.17.25.xlsx,Pricing LY,45728.34178,45728.35932
207349-1700,OP,23H1,9/22/2023,45200,-1,0,0,YES,,59,49.97,14.99,SALE,FLASH,,,Tee Flash Sale 1.17.25.xlsx,Pricing LY,45728.34178,45728.35932
207495-1001,FP,23M2,7/26/2023,45139,142,133,0,YES,LIVE,59,49.97,14.99,SALE,FLASH,,,Tee Flash Sale 1.17.25.xlsx,Pricing LY,45728.34178,45728.35932
207495-1700,FP,23M2,7/26/2023,45139,117,104,0,YES,LIVE,59,49.97,14.99,SALE,FLASH,,,Tee Flash Sale 1.17.25.xlsx,Pricing LY,45728.34178,45728.35932
207498-1700,FP,23M2,7/17/2023,45139,45,35,0,YES,LIVE,59,49.97,14.99,SALE,FLASH,,,Tee Flash Sale 1.17.25.xlsx,Pricing LY,45728.34178,45728.35932
207500-1001,FP,23M2,7/19/2023,45136,99,86,0,YES,LIVE,69,59.97,14.99,SALE,FLASH,,,Tee Flash Sale 1.17.25.xlsx,Pricing LY,45728.34178,45728.35932
207500-1700,FP,23M2,7/19/2023,45161,166,163,0,YES,LIVE,69,59.97,14.99,SALE,FLASH,,,Tee Flash Sale 1.17.25.xlsx,Pricing LY,45728.34178,45728.35932
207547-1001,OP,23H1,9/22/2023,45200,595,489,0,YES,LIVE,59,49.97,14.99,SALE,FLASH,,,Tee Flash Sale 1.17.25.xlsx,Pricing LY,45728.34178,45728.35932
207547-1702,OP,23H1,,,0,0,0,YES,,59,49.97,14.99,SALE,FLASH,,,Tee Flash Sale 1.17.25.xlsx,Pricing LY,45728.34178,45728.35932
207547-6000,OP,23H1,9/23/2023,45202,462,375,0,YES,LIVE,59,49.97,14.99,SALE,FLASH,,,Tee Flash Sale 1.17.25.xlsx,Pricing LY,45728.34178,45728.35932
207867-1001,OP,23H1,10/30/2023,45257,175,135,0,YES,LIVE,59,49.97,14.99,SALE,FLASH,,,Tee Flash Sale 1.17.25.xlsx,Pricing LY,45728.34178,45728.35932
207867-1700,OP,23H1,11/2/2023,45257,601,578,0,YES,LIVE,59,49.97,14.99,SALE,FLASH,,,Tee Flash Sale 1.17.25.xlsx,Pricing LY,45728.34178,45728.35932
207867-4116,OP,23H1,10/30/2023,45257,279,216,0,YES,LIVE,59,49.97,14.99,SALE,FLASH,,,Tee Flash Sale 1.17.25.xlsx,Pricing LY,45728.34178,45728.35932
207867-6000,OP,23H1,11/2/2023,45257,22,63,0,YES,LIVE,59,49.97,14.99,SALE,FLASH,,,Tee Flash Sale 1.17.25.xlsx,Pricing LY,45728.34178,45728.35932
207868-1001,OP,23H3,11/21/2023,45252,-6,584,0,YES,LIVE,59,49.97,14.99,SALE,FLASH,,,Tee Flash Sale 1.17.25.xlsx,Pricing LY,45728.34178,45728.35932
207868-1700,OP,23H3,,,0,0,0,YES,,59,49.97,14.99,SALE,FLASH,,,Tee Flash Sale 1.17.25.xlsx,Pricing LY,45728.34178,45728.35932
207868-6000,OP,23H3,11/21/2023,45275,-1,0,0,YES,,59,49.97,14.99,SALE,FLASH,,,Tee Flash Sale 1.17.25.xlsx,Pricing LY,45728.34178,45728.35932
207892-1001,OP,23H2,11/13/2023,45252,-10,954,0,YES,LIVE,59,49.97,14.99,SALE,FLASH,,,Tee Flash Sale 1.17.25.xlsx,Pricing LY,45728.34178,45728.35932
207892-1700,OP,23H2,11/13/2023,45252,-7,868,0,YES,LIVE,59,49.97,14.99,SALE,FLASH,,,Tee Flash Sale 1.17.25.xlsx,Pricing LY,45728.34178,45728.35932
208293-1001,OP,23H1,10/9/2023,45246,298,272,0,YES,LIVE,59,59,14.99,REG,FLASH,,,Tee Flash Sale 1.17.25.xlsx,Pricing LY,45728.34178,45728.35932
208293-1700,OP,23H1,10/20/2023,45248,-4,1,0,YES,LIVE,59,59,14.99,REG,FLASH,,,Tee Flash Sale 1.17.25.xlsx,Pricing LY,45728.34178,45728.35932
208293-6602,OP,23H1,10/20/2023,45240,403,395,0,YES,LIVE,59,59,14.99,REG,FLASH,,,Tee Flash Sale 1.17.25.xlsx,Pricing LY,45728.34178,45728.35932
208293-8106,OP,23H1,10/20/2023,45240,-46,2097,0,YES,LIVE,59,59,14.99,REG,FLASH,,,Tee Flash Sale 1.17.25.xlsx,Pricing LY,45728.34178,45728.35932
208299-1001,OP,23H1,10/9/2023,45240,320,3814,0,YES,LIVE,59,59,14.99,REG,FLASH,,,Tee Flash Sale 1.17.25.xlsx,Pricing LY,45728.34178,45728.35932
208299-1700,OP,23H1,10/9/2023,45245,293,277,0,YES,LIVE,59,59,14.99,REG,FLASH,,,Tee Flash Sale 1.17.25.xlsx,Pricing LY,45728.34178,45728.35932
208299-8106,OP,23H1,10/9/2023,45241,-34,2319,0,YES,LIVE,59,59,14.99,REG,FLASH,,,Tee Flash Sale 1.17.25.xlsx,Pricing LY,45728.34178,45728.35932
208301-1001,OP,23H1,10/12/2023,45240,510,4154,0,YES,LIVE,59,59,14.99,REG,FLASH,,,Tee Flash Sale 1.17.25.xlsx,Pricing LY,45728.34178,45728.35932
208301-1700,OP,23H1,10/11/2023,45242,505,2785,0,YES,LIVE,59,59,14.99,REG,FLASH,,,Tee Flash Sale 1.17.25.xlsx,Pricing LY,45728.34178,45728.35932
208301-6602,OP,23H1,10/11/2023,45246,335,1943,0,YES,LIVE,59,59,14.99,REG,FLASH,,,Tee Flash Sale 1.17.25.xlsx,Pricing LY,45728.34178,45728.35932
